4	{'# scaffolds': 1, 'N50 (scaffolds)': 58292, 'GC': 0.38885267275097785, 'Mean contig length': 58292.0, 'GCN2': [], 'Coding density': 0.8968812186921018, 'Longest scaffold': 58292, '# contigs': 1, 'marker lineage': 'g__Bacillus', '2': 0, 'GCN0': ['PF12227', 'PF02674', 'TIGR00154', 'PF13054', 'TIGR00383', 'PF01964', 'PF09602', 'PF13559', 'PF05833', 'PF13170', 'PF08877', 'PF00886', 'PF10970', 'PF06750', 'PF13275', 'PF04020', 'PF03932', 'PF13075', 'TIGR00126', 'PF13294', 'PF13043', 'PF04260', 'TIGR01051', 'PF00255', 'PF02696', 'PF07315', 'PF03601', 'TIGR00528', 'PF00213', 'PF06962', 'PF11117', 'PF00221', 'TIGR01058', 'PF09515', 'TIGR03695', 'PF13809', 'PF01741', 'PF04204', 'TIGR00972', 'TIGR00170', 'TIGR01579', 'TIGR02132', 'TIGR00369', 'PF05768', 'PF00215', 'TIGR02352', 'TIGR00171', 'PF02608', 'TIGR02348', 'PF02416', 'PF02569', 'PF01987', 'PF01165', 'PF01127', 'PF13058', 'TIGR02835', 'PF09922', 'PF08338', 'PF02978', 'PF07136', 'TIGR01328', 'PF10835', 'PF14004', 'PF12558', 'PF01967', 'PF10079', 'TIGR01341', 'PF00453', 'PF01208', 'PF02911', 'PF04760', 'TIGR01063', 'TIGR00508', 'PF02882', 'PF10702', 'PF00302', 'PF12320', 'PF00278', 'PF01152', 'PF01192', 'PF00218', 'PF04025', 'TIGR01979', 'PF14153', 'TIGR02852', 'PF01325', 'PF00834', 'PF13047', 'PF06569', 'PF11983', 'TIGR03725', 'TIGR02404', 'TIGR01883', 'PF10942', 'PF02548', 'PF02702', 'TIGR00426', 'PF12459', 'PF05711', 'PF03885', 'PF09529', 'PF02410', 'PF12826', 'PF11116', 'PF00570', 'TIGR01515', 'TIGR02366', 'TIGR01971', 'TIGR01736', 'PF08712', 'PF08807', 'TIGR00516', 'TIGR00235', 'PF12327', 'TIGR03994', 'PF05573', 'PF04402', 'PF04898', 'PF09527', 'PF02491', 'PF01430', 'PF14071', 'PF03309', 'TIGR00422', 'PF13023', 'TIGR03395', 'PF00773', 'PF01709', 'TIGR02856', 'TIGR02072', 'PF10673', 'TIGR02706', 'PF01329', 'PF09285', 'TIGR03173', 'PF11033', 'PF14069', 'PF00290', 'TIGR01773', 'PF02664', 'PF13035', 'TIGR00634', 'PF13735', 'TIGR01432', 'PF09182', 'PF14120', 'PF13782', 'PF02545', 'PF14164', 'PF00231', 'PF00365', 'TIGR01489', 'PF05425', 'TIGR01302', 'PF12652', 'TIGR00593', 'TIGR00200', 'PF13068', 'PF05681', 'TIGR02884', 'PF07947', 'PF10555', 'PF01424', 'PF11151', 'PF13141', 'PF01558', 'PF13558', 'TIGR02135', 'TIGR01395', 'TIGR01700', 'PF05697', 'PF03963', 'PF01330', 'TIGR00121', 'TIGR02881', 'PF01084', 'PF10955', 'PF02074', 'TIGR01396', 'TIGR03723', 'PF01678', 'TIGR02222', 'TIGR01311', 'PF14162', 'TIGR02002', 'PF13687', 'PF10740', 'TIGR02429', 'PF11967', 'PF06103', 'PF03205', 'PF11724', 'PF04794', 'TIGR00437', 'PF10369', 'TIGR02892', 'PF00146', 'PF01933', 'PF02464', 'PF08680', 'PF13074', 'PF04456', 'PF03979', 'TIGR02873', 'PF00035', 'PF00430', 'PF13382', 'PF02829', 'PF03486', 'PF02903', 'PF13507', 'PF00163', 'PF01634', 'TIGR00647', 'PF04474', 'PF13045', 'PF03928', 'TIGR00263', 'TIGR01026', 'PF01106', 'PF03775', 'PF11490', 'PF00926', 'PF03976', 'PF07319', 'PF05491', 'PF06778', 'TIGR02035', 'TIGR02209', 'PF02742', 'PF08267', 'PF01812', 'PF00140', 'PF01195', 'PF03605', 'PF14038', 'PF00499', 'PF12685', 'PF08810', 'TIGR02214', 'PF03814', 'PF01960', 'PF06908', 'PF11079', 'TIGR01227', 'PF01624', 'PF02789', 'PF14147', 'PF05698', 'PF02900', 'TIGR00551', 'PF10747', 'PF01189', 'TIGR01972', 'PF10646', 'PF03418', 'TIGR02651', 'PF00627', 'PF05188', 'TIGR01212', 'PF00120', 'PF02245', 'TIGR00962', 'PF00507', 'TIGR01455', 'PF04296', 'TIGR01850', 'PF03714', 'TIGR03346', 'PF03477', 'PF07872', 'PF07408', 'PF13766', 'PF10704', 'PF06470', 'PF12974', 'PF09835', 'TIGR02849', 'TIGR02902', 'TIGR01668', 'TIGR01390', 'TIGR00019', 'PF01058', 'PF07435', 'PF00162', 'PF05201', 'TIGR00552', 'PF13580', 'TIGR02848', 'PF14036', 'PF00709', 'PF00745', 'PF00707', 'TIGR01980', 'TIGR01500', 'PF10388', 'TIGR03596', 'PF00830', 'TIGR02141', 'PF14156', 'PF12072', 'TIGR01696', 'PF02700', 'TIGR00520', 'PF00420', 'PF00883', 'PF10732', 'PF02616', 'TIGR00499', 'PF06969', 'PF14122', 'TIGR03598', 'TIGR02055', 'TIGR00132', 'PF02522', 'PF02482', 'PF01743', 'PF13484', 'PF12671', 'PF04095', 'PF00585', 'PF07697', 'PF06855', 'PF02224', 'PF05066', 'PF03301', 'TIGR03583', 'TIGR02830', 'PF00459', 'PF01409', 'TIGR02868', 'TIGR00407', 'PF01738', 'PF10418', 'PF14165', 'PF10410', 'TIGR00366', 'PF13797', 'PF04552', 'PF03461', 'PF08455', 'TIGR03558', 'PF13348', 'PF13444', 'PF01202', 'PF05580', 'PF05164', 'TIGR00048', 'PF02040', 'PF13209', 'PF13057', 'PF13049', 'PF13285', 'PF01025', 'TIGR01929', 'PF13249', 'TIGR02119', 'PF01985', 'PF02128', 'PF09382', 'PF01220', 'PF13142', 'TIGR00482', 'PF05690', 'PF13742', 'PF02219', 'PF10386', 'PF01244', 'TIGR01499', 'PF13739', 'PF02222', 'TIGR00444', 'TIGR02258', 'PF09671', 'PF10110', 'PF12399', 'TIGR03597', 'PF02823', 'PF07307', 'PF00464', 'PF04079', 'PF13139', 'TIGR01259', 'PF14182', 'PF06257', 'PF03972', 'TIGR02904', 'TIGR01697', 'TIGR02853', 'TIGR00160', 'TIGR03692', 'PF12727', 'PF13077', 'PF04445', 'PF14450', 'PF06014', 'PF12627', 'PF12344', 'PF00119', 'PF13631', 'TIGR00044', 'PF00764', 'TIGR02719', 'PF13684', 'PF00342', 'TIGR01497', 'PF03951', 'PF13066', 'TIGR01448', 'TIGR00063', 'PF00303', 'PF08275', 'PF02580', 'PF00121', 'PF07949', 'TIGR00758', 'TIGR00560', 'PF01113', 'TIGR00445', 'PF08769', 'PF13067', 'TIGR01998', 'PF01931', 'TIGR01245', 'PF07997', 'TIGR00611', 'PF03706', 'TIGR01116', 'PF05670', 'TIGR01981', 'TIGR01734', 'PF10138', 'TIGR01481', 'PF00856', 'PF14171', 'TIGR00054', 'PF03449', 'TIGR01744', 'PF00334', 'TIGR01513', 'PF08207', 'PF02912', 'TIGR00587', 'TIGR00185', 'PF00988', 'PF12758', 'PF01680', 'TIGR03659', 'PF03672', 'PF05524', 'PF01713', 'TIGR02872', 'TIGR03261', 'PF00116', 'PF02618', 'PF03841', 'TIGR00510', 'TIGR03656', 'PF13082', 'PF06415', 'PF14143', 'TIGR03402', 'PF06304', 'PF13140', 'TIGR02275', 'TIGR01217', 'PF13050', 'PF13578', 'TIGR01683', 'PF03079', 'PF09577', 'PF13640', 'TIGR02846', 'PF03641', 'PF10101', 'TIGR01082', 'PF13063', 'PF14068', 'PF00254', 'PF00829', 'TIGR00409', 'PF01182', 'PF02844', 'PF02403', 'TIGR01855', 'PF01566', 'PF01884', 'PF02576', 'PF06968', 'PF03755', 'PF06042', 'PF04963', 'TIGR04018', 'TIGR01230', 'PF14034', 'TIGR01811', 'PF02153', 'PF12116', 'TIGR00628', 'PF03590', 'TIGR02908', 'TIGR02317', 'PF08298', 'PF04306', 'PF13277', 'PF01018', 'PF14045', 'PF13031', 'TIGR01019', 'TIGR01679', 'PF14005', 'PF01493', 'PF11734', 'PF09371', 'PF13162', 'PF07288', 'TIGR00761', 'PF03772', 'PF12670', 'PF03575', 'PF08827', 'PF01746', 'PF13703', 'PF09546', 'PF13171', 'PF06207', 'PF04297', 'PF13158', 'PF01628', 'PF01747', 'PF01632', 'PF06325', 'PF08478', 'PF06798', 'PF00343', 'TIGR00670', 'PF09269', 'TIGR03426', 'PF13080', 'PF13212', 'PF14158', 'PF13500', 'PF13030', 'PF13172', 'TIGR01039', 'PF04748', 'PF07549', 'PF05582', 'PF08757', 'TIGR01326', 'TIGR02831', 'PF04238', 'PF11588', 'TIGR03035', 'PF02565', 'PF00034', 'PF08222', 'PF12367', 'PF01312', 'PF02843', 'PF10776', 'PF01855', 'PF02603', 'TIGR01859', 'PF02401', 'PF13060', 'PF09902', 'PF08676', 'PF07559', 'PF01923', 'PF00625', 'PF00475', 'PF02390', 'PF00309', 'PF01597', 'TIGR02850', 'PF08503', 'TIGR02315', 'PF01171', 'PF01783', 'PF09988', 'TIGR02773', 'PF02535', 'PF03948', 'TIGR02895', 'PF01699', 'PF01070', 'PF13122', 'PF03483', 'PF02628', 'TIGR00239', 'PF06335', 'TIGR00755', 'PF01706', 'PF02445', 'TIGR03594', 'TIGR01237', 'PF03618', 'PF11987', 'TIGR00784', 'TIGR01770', 'PF02636', 'PF09551', 'PF04241', 'TIGR03534', 'PF08741', 'PF00318', 'PF05173', 'PF07299', 'PF02602', 'PF07308', 'PF13213', 'PF14179', 'TIGR01187', 'TIGR01263', 'PF06177', 'TIGR00169', 'TIGR01306', 'TIGR02885', 'PF13089', 'PF01174', 'PF00813', 'PF01119', 'PF13038', 'PF03484', 'PF09021', 'PF13085', 'TIGR00238', 'PF00351', 'TIGR02896', 'TIGR00716', 'TIGR01824', 'PF12207', 'PF12368', 'TIGR02886', 'PF06866', 'PF10150', 'PF00889', 'PF01641', 'PF02132', 'PF06508', 'PF01272', 'PF10628', 'TIGR02785', 'TIGR03064', 'PF13596', 'TIGR00260', 'PF02784', 'TIGR01224', 'PF02436', 'TIGR02823', 'PF14044', 'PF07441', 'PF08323', 'PF05198', 'PF02631', 'PF11122', 'TIGR01087', 'TIGR02851', 'PF01869', 'PF02033', 'PF04452', 'PF02678', 'TIGR02046', 'PF13055', 'TIGR01951', 'PF12438', 'PF14140', 'TIGR01091', 'PF13059', 'PF04405', 'PF13769', 'PF09578', 'TIGR01061', 'TIGR01392', 'PF01175', 'PF11085', 'PF13120', 'PF10949', 'PF03602', 'TIGR02900', 'PF02601', 'TIGR00857', 'PF00490', 'PF01180', 'TIGR00052', 'PF01016', 'TIGR02362', 'TIGR00007', 'PF00920', 'TIGR03181', 'PF14148', 'PF11084', 'PF00329', 'PF00016', 'PF14007', 'TIGR01347', 'PF02146', 'PF13292', 'PF03840', 'PF04308', 'PF07497', 'TIGR01496', 'PF02110', 'PF14178', 'PF12544', 'PF01184', 'PF00346', 'PF00815', 'TIGR03262', 'PF13413', 'PF02934', 'TIGR00436', 'PF01255', 'TIGR01780', 'TIGR00619', 'TIGR00107', 'TIGR00344', 'PF01071', 'TIGR00137', 'PF00160', 'TIGR02909', 'TIGR00498', 'TIGR01974', 'PF02833', 'TIGR00737', 'PF09360', 'PF10819', 'TIGR00689', 'PF03306', 'PF02547', 'PF13108', 'TIGR00539', 'TIGR02152', 'TIGR01473', 'PF02787', 'PF03726', 'TIGR02748', 'TIGR03882', 'PF14043', 'PF00731', 'PF01649', 'PF08830', 'PF01311', 'TIGR01327', 'PF13793', 'TIGR02480', 'TIGR00016', 'PF00401', 'PF02669', 'PF02541', 'PF08502', 'PF13743', 'PF00032', 'PF02637', 'PF13123', 'TIGR02428', 'TIGR02737', 'PF01592', 'PF01765', 'TIGR00096', 'PF08340', 'PF00166', 'TIGR00153', 'TIGR02705', 'PF08812', 'TIGR03693', 'PF07285', 'PF12710', 'TIGR01120', 'PF01313', 'TIGR00735', 'TIGR01925', 'PF04816', 'PF02527', 'TIGR03827', 'PF13603', 'PF04327', 'TIGR01829', 'PF07698', 'PF10417', 'PF04265', 'PF06149', 'PF09179', 'PF13221', 'PF12181', 'PF13079', 'PF01687', 'PF00111', 'PF11023', 'PF00113', 'TIGR02882', 'TIGR03144', 'PF04509', 'PF09148', 'PF08442', 'TIGR01963', 'PF02575', 'PF05651', 'PF00684', 'PF06156', 'TIGR03301', 'PF13932', 'TIGR02898', 'TIGR00595', 'PF07187', 'PF14119', 'TIGR03140', 'PF10396', 'PF01258', 'PF04298', 'PF00042', 'PF02682', 'TIGR00027', 'PF05190', 'TIGR03561', 'PF06612', 'PF10763', 'PF10827', 'PF12823', 'PF08206', 'PF08838', 'TIGR01134', 'TIGR00191', 'PF13344', 'PF01556', 'PF13761', 'TIGR02673', 'PF13110', 'PF14039', 'TIGR01992', 'PF07609', 'PF10372', 'PF02561', 'PF00463', 'PF11858', 'TIGR00443', 'TIGR02003', 'PF06689', 'TIGR00545', 'TIGR00434', 'TIGR04001', 'PF08529', 'PF03952', 'PF10298', 'PF10141', 'TIGR01763', 'PF01725', 'PF13046', 'TIGR01814', 'PF02898', 'PF01434', 'PF14266', 'TIGR01083', 'PF02152', 'PF06831', 'TIGR01027', 'PF12146', 'TIGR01836', 'PF01379', 'PF01132', 'TIGR02905', 'PF04018', 'PF13509', 'TIGR02492', 'TIGR00521', 'TIGR00643', 'PF05683', 'TIGR00515', 'PF12002', 'PF03630', 'PF00825', 'PF01148', 'PF01795', 'TIGR01966', 'PF00677', 'PF02666', 'PF13380', 'TIGR02869', 'PF00137', 'TIGR02907', 'PF03745', 'PF14346', 'PF09548', 'TIGR02870', 'PF00958', 'PF00697', 'PF08796', 'PF03900', 'PF01219', 'TIGR01422', 'PF04093', 'PF01904', 'PF07167', 'TIGR00201', 'PF01717', 'PF10752', 'TIGR04171', 'TIGR01575', 'PF13331', 'PF13184', 'PF07499', 'PF02504', 'PF10737', 'PF11728', 'PF02896', 'TIGR00965', 'PF13567', 'PF01228', 'PF03698', 'TIGR01364', 'PF07085', 'TIGR02669', 'TIGR00457', 'PF12164', 'TIGR02858', 'PF06166', 'PF01715', 'PF03702', 'PF14003', 'PF11385', 'PF11954', 'TIGR02901', 'PF00763', 'PF10990', 'PF01242', 'PF12688', 'PF01470', 'PF01478', 'PF03737', 'PF13667', 'PF13803', 'TIGR03999', 'TIGR00764', 'PF14344', 'TIGR00531', 'PF05496', 'PF07819', 'PF13052', 'PF03631', 'TIGR00417', 'PF10458', 'PF01274', 'TIGR02615', 'TIGR00224', 'PF01250', 'PF10850', 'PF01245', 'PF00800', 'PF04263', 'PF00766', 'TIGR01882', 'PF10672', 'TIGR02897', 'PF10437', 'PF03668', 'PF14172', 'PF13119', 'PF08299', 'PF11738', 'PF04472', 'PF09648', 'TIGR02350', 'PF02620', 'TIGR03139', 'PF03054', 'PF10966', 'PF09560', 'PF03481', 'TIGR02865', 'TIGR00173', 'PF13113', 'PF08331', 'PF00850', 'PF06421', 'PF11146', 'PF02129', 'PF02190', 'PF13785', 'PF02686', 'PF01472', 'TIGR00057', 'TIGR01073', 'TIGR02326', 'PF10815', 'PF03649', 'PF14098', 'PF13033', 'TIGR02707', 'PF13248', 'PF00080', 'PF10958', 'PF02367', 'TIGR03365', 'PF02590', 'PF08958', 'PF01928', 'PF03652', 'PF03746', 'PF03799', 'TIGR02403', 'PF06071', 'TIGR02871', 'PF00902', 'PF02355', 'PF08535', 'TIGR02877', 'TIGR01968', 'PF11868', 'PF01259', 'PF13726', 'TIGR02493', 'PF13065', 'TIGR00458', 'PF01679', 'PF01268', 'PF06018', 'TIGR02228', 'PF13051', 'PF10751', 'PF02108', 'TIGR00878', 'PF11700', 'PF03767', 'PF08530', 'PF13071', 'PF01252', 'TIGR00329', 'PF07098', 'PF08968', 'PF11009', 'PF08459', 'PF12631', 'PF06245', 'TIGR00064', 'PF02130', 'PF01149', 'PF06160', 'PF13025', 'PF00771', 'PF02887', 'TIGR00011', 'PF02578', 'TIGR00225', 'PF13028', 'PF01728', 'PF02261', 'PF02690', 'PF14035', 'TIGR01135', 'PF01761', 'PF06418', 'PF13350', 'TIGR03831', 'PF01702', 'PF01729', 'PF02901', 'PF02699', 'PF02938', 'PF13468', 'PF03147', 'PF01782', 'TIGR00651', 'PF04551', 'PF07071', 'PF04468', 'PF05256', 'PF01209', 'TIGR00639', 'PF06838', 'PF13062', 'PF09547', 'PF01668', 'PF06196', 'TIGR00389', 'TIGR01893', 'TIGR02168', 'PF14042', 'PF10957', 'PF14167', 'TIGR00183', 'PF04608', 'TIGR01978', 'TIGR01173', 'PF06135', 'PF06971', 'PF09186', 'PF01205', 'PF04209', 'PF01121', 'PF02237', 'PF06094', 'PF07987', 'PF02568', 'TIGR01885', 'PF01808', 'PF00885', 'PF05195', 'PF02049', 'PF07995', 'PF09924'], 'Translation table': 11, '# ambiguous bases': 0, '0': 1101, '# marker sets': 324, '3': 0, '4': 0, 'Genome size': 58292, 'GC std': 0.0, 'GCN3': [], '# genomes': 44, 'N50 (contigs)': 58292, 'Mean scaffold length': 58292.0, '5+': 0, '1': 70, '# predicted genes': 73, 'Longest contig': 58292, 'Completeness': 0.6172839506172839, 'GCN5+': [], 'GCN4': [], '# markers': 1171, 'GCN1': ['PF04563', 'PF00281', 'PF00338', 'PF00572', 'PF09190', 'TIGR01172', 'PF04561', 'PF01000', 'PF05000', 'TIGR01079', 'PF00203', 'PF13541', 'PF10385', 'PF03946', 'PF00217', 'PF01196', 'PF00237', 'PF00347', 'PF02357', 'PF10730', 'PF03947', 'PF00562', 'PF00333', 'PF04560', 'PF00164', 'PF05848', 'PF00297', 'PF00276', 'PF05991', 'PF00327', 'PF00410', 'PF00828', 'PF00831', 'PF00411', 'PF00366', 'PF00380', 'PF00861', 'PF00673', 'PF10635', 'PF03143', 'PF00573', 'PF00252', 'PF00177', 'PF04997', 'PF00181', 'PF01128', 'PF05191', 'PF14089', 'PF01193', 'PF00466', 'PF01176', 'PF00253', 'PF04998', 'TIGR02859', 'PF00416', 'PF00298', 'PF01406', 'PF00623', 'TIGR00484', 'PF03719', 'PF00406', 'PF04565', 'PF04983', 'PF02542', 'TIGR00855', 'PF00687', 'TIGR01067', 'PF05175', 'TIGR00186', 'PF00749'], 'Contamination': 0.0}
3	{'# scaffolds': 52, 'N50 (scaffolds)': 178237, 'GC': 0.35251141898467386, 'Mean contig length': 96452.90384615384, 'GCN2': [], 'Coding density': 0.8576337873944458, 'Longest scaffold': 354947, '# contigs': 52, 'marker lineage': 'k__Bacteria', '2': 0, 'GCN0': ['PF00828', 'PF00203', 'PF04563', 'PF00252', 'PF01193', 'PF00177', 'PF00366', 'PF04560', 'PF03719', 'PF00238', 'PF01196', 'PF00466', 'PF00410', 'PF00380', 'PF00281', 'PF04997', 'PF00181', 'PF00276', 'PF00338', 'PF04565', 'PF04983', 'PF00411', 'PF00189', 'TIGR00922', 'PF03947', 'PF00673', 'PF00297', 'TIGR00855', 'PF00861', 'PF00164', 'PF00562', 'PF03946', 'PF00687', 'PF00416', 'PF00623', 'PF00333', 'PF00831', 'PF13603', 'PF04998', 'PF00572', 'PF00298', 'PF10385', 'PF00573', 'PF04561', 'PF01000', 'PF05000', 'PF00347', 'TIGR01079', 'PF00237'], 'Translation table': 11, '# ambiguous bases': 0, '0': 49, '# marker sets': 56, '3': 0, '4': 0, 'Genome size': 5015551, 'GC std': 0.011040556185395314, 'GCN3': [], '# genomes': 5449, 'N50 (contigs)': 178237, 'Mean scaffold length': 96452.90384615384, '5+': 0, '1': 52, '# predicted genes': 5117, 'Longest contig': 354947, 'Completeness': 80.35714285714286, 'GCN5+': [], 'GCN4': [], '# markers': 101, 'GCN1': ['PF00886', 'PF02978', 'PF00453', 'PF06421', 'PF12344', 'PF01509', 'PF00889', 'PF08529', 'PF01016', 'TIGR00019', 'TIGR00615', 'PF00162', 'PF05697', 'PF02367', 'TIGR00250', 'TIGR03723', 'TIGR00084', 'PF06071', 'PF01746', 'TIGR00344', 'PF02912', 'PF03948', 'PF01795', 'PF00312', 'PF11987', 'TIGR03594', 'PF01245', 'TIGR00329', 'TIGR00810', 'PF08459', 'PF01649', 'PF02130', 'PF01281', 'PF02033', 'PF00318', 'TIGR00459', 'PF13184', 'PF01250', 'PF01765', 'TIGR00755', 'TIGR03263', 'PF05491', 'PF01409', 'PF01668', 'PF01018', 'PF00829', 'PF01195', 'TIGR00460', 'PF03484', 'TIGR02432', 'PF01121', 'PF01632'], 'Contamination': 0.0}
14	{'# scaffolds': 6, 'N50 (scaffolds)': 5214, 'GC': 0.43941972607180485, 'Mean contig length': 4113.0, 'GCN2': [], 'Coding density': 0.7732393224734582, 'Longest scaffold': 6327, '# contigs': 6, 'marker lineage': 'root', '2': 0, 'GCN0': ['PF00572', 'PF03946', 'PF00318', 'PF00298', 'PF03947', 'PF00623', 'PF00238', 'PF04563', 'TIGR00392', 'PF04997', 'PF02978', 'PF00281', 'PF00181', 'PF00252', 'PF01193', 'PF13184', 'PF04561', 'PF00562', 'PF00237', 'PF04983', 'TIGR00344', 'PF00366', 'PF00203', 'PF00687', 'PF01509', 'PF00416', 'PF00410', 'PF00466', 'PF00276', 'PF00861', 'PF00338', 'PF04560', 'PF00164', 'PF04565', 'PF00573', 'PF03484', 'PF03719', 'PF00380', 'PF00312', 'PF01000', 'PF00189', 'PF00162', 'PF00411', 'TIGR00967', 'PF00177', 'PF00297', 'PF05000', 'TIGR00468', 'PF11987', 'PF00333', 'PF00831', 'TIGR00329', 'PF00347', 'PF08459', 'TIGR00755', 'PF00673'], 'Translation table': 11, '# ambiguous bases': 0, '0': 56, '# marker sets': 24, '3': 0, '4': 0, 'Genome size': 24678, 'GC std': 0.0351154863055428, 'GCN3': [], '# genomes': 5656, 'N50 (contigs)': 5214, 'Mean scaffold length': 4113.0, '5+': 0, '1': 0, '# predicted genes': 26, 'Longest contig': 6327, 'Completeness': 0.0, 'GCN5+': [], 'GCN4': [], '# markers': 56, 'GCN1': [], 'Contamination': 0.0}
16	{'# scaffolds': 1, 'N50 (scaffolds)': 2404, 'GC': 0.31863560732113144, 'Mean contig length': 2404.0, 'GCN2': [], 'Coding density': 0.7121464226289518, 'Longest scaffold': 2404, '# contigs': 1, 'marker lineage': 'root', '2': 0, 'GCN0': ['PF00572', 'PF03946', 'PF00318', 'PF00298', 'PF03947', 'PF00623', 'PF00238', 'PF04563', 'TIGR00392', 'PF04997', 'PF02978', 'PF00281', 'PF00181', 'PF00252', 'PF01193', 'PF13184', 'PF04561', 'PF00562', 'PF00237', 'PF04983', 'TIGR00344', 'PF00366', 'PF00203', 'PF00687', 'PF01509', 'PF00416', 'PF00410', 'PF00466', 'PF00276', 'PF00861', 'PF00338', 'PF04560', 'PF00164', 'PF04565', 'PF00573', 'PF03484', 'PF03719', 'PF00380', 'PF00312', 'PF01000', 'PF00189', 'PF00162', 'PF00411', 'TIGR00967', 'PF00177', 'PF00297', 'PF05000', 'TIGR00468', 'PF11987', 'PF00333', 'PF00831', 'TIGR00329', 'PF00347', 'PF08459', 'TIGR00755', 'PF00673'], 'Translation table': 11, '# ambiguous bases': 0, '0': 56, '# marker sets': 24, '3': 0, '4': 0, 'Genome size': 2404, 'GC std': 0.0, 'GCN3': [], '# genomes': 5656, 'N50 (contigs)': 2404, 'Mean scaffold length': 2404.0, '5+': 0, '1': 0, '# predicted genes': 2, 'Longest contig': 2404, 'Completeness': 0.0, 'GCN5+': [], 'GCN4': [], '# markers': 56, 'GCN1': [], 'Contamination': 0.0}
12	{'# scaffolds': 3, 'N50 (scaffolds)': 28889, 'GC': 0.5425208917676315, 'Mean contig length': 11527.666666666666, 'GCN2': [], 'Coding density': 0.9818697047682388, 'Longest scaffold': 28889, '# contigs': 3, 'marker lineage': 'root', '2': 0, 'GCN0': ['PF00572', 'PF03946', 'PF00318', 'PF00298', 'PF03947', 'PF00623', 'PF00238', 'PF04563', 'TIGR00392', 'PF04997', 'PF02978', 'PF00281', 'PF00181', 'PF00252', 'PF01193', 'PF13184', 'PF04561', 'PF00562', 'PF00237', 'PF04983', 'TIGR00344', 'PF00366', 'PF00203', 'PF00687', 'PF01509', 'PF00416', 'PF00410', 'PF00466', 'PF00276', 'PF00861', 'PF00338', 'PF04560', 'PF00164', 'PF04565', 'PF00573', 'PF03484', 'PF03719', 'PF00380', 'PF00312', 'PF01000', 'PF00189', 'PF00162', 'PF00411', 'TIGR00967', 'PF00177', 'PF00297', 'PF05000', 'TIGR00468', 'PF11987', 'PF00333', 'PF00831', 'TIGR00329', 'PF00347', 'PF08459', 'TIGR00755', 'PF00673'], 'Translation table': 11, '# ambiguous bases': 0, '0': 56, '# marker sets': 24, '3': 0, '4': 0, 'Genome size': 34583, 'GC std': 0.027148669825899006, 'GCN3': [], '# genomes': 5656, 'N50 (contigs)': 28889, 'Mean scaffold length': 11527.666666666666, '5+': 0, '1': 0, '# predicted genes': 12, 'Longest contig': 28889, 'Completeness': 0.0, 'GCN5+': [], 'GCN4': [], '# markers': 56, 'GCN1': [], 'Contamination': 0.0}
20	{'# scaffolds': 2, 'N50 (scaffolds)': 13608, 'GC': 0.36504085169596434, 'Mean contig length': 10097.5, 'GCN2': [], 'Coding density': 0.9543451349343897, 'Longest scaffold': 13608, '# contigs': 2, 'marker lineage': 'root', '2': 0, 'GCN0': ['PF00572', 'PF03946', 'PF00318', 'PF00298', 'PF03947', 'PF00623', 'PF00238', 'PF04563', 'TIGR00392', 'PF04997', 'PF02978', 'PF00281', 'PF00181', 'PF00252', 'PF01193', 'PF13184', 'PF04561', 'PF00562', 'PF00237', 'PF04983', 'TIGR00344', 'PF00366', 'PF00203', 'PF00687', 'PF01509', 'PF00416', 'PF00410', 'PF00466', 'PF00276', 'PF00861', 'PF00338', 'PF04560', 'PF00164', 'PF04565', 'PF00573', 'PF03484', 'PF03719', 'PF00380', 'PF00312', 'PF01000', 'PF00189', 'PF00162', 'PF00411', 'TIGR00967', 'PF00177', 'PF00297', 'PF05000', 'TIGR00468', 'PF11987', 'PF00333', 'PF00831', 'TIGR00329', 'PF00347', 'PF08459', 'TIGR00755', 'PF00673'], 'Translation table': 11, '# ambiguous bases': 0, '0': 56, '# marker sets': 24, '3': 0, '4': 0, 'Genome size': 20195, 'GC std': 0.005900690872603527, 'GCN3': [], '# genomes': 5656, 'N50 (contigs)': 13608, 'Mean scaffold length': 10097.5, '5+': 0, '1': 0, '# predicted genes': 4, 'Longest contig': 13608, 'Completeness': 0.0, 'GCN5+': [], 'GCN4': [], '# markers': 56, 'GCN1': [], 'Contamination': 0.0}
17	{'# scaffolds': 14, 'N50 (scaffolds)': 33263, 'GC': 0.34052373245916384, 'Mean contig length': 24142.64285714286, 'GCN2': [], 'Coding density': 0.768586703432279, 'Longest scaffold': 55469, '# contigs': 14, 'marker lineage': 'root', '2': 0, 'GCN0': ['PF00572', 'PF03946', 'PF00318', 'PF00298', 'PF03947', 'PF00623', 'PF00238', 'PF04563', 'TIGR00392', 'PF04997', 'PF02978', 'PF00281', 'PF00181', 'PF00252', 'PF01193', 'PF13184', 'PF04561', 'PF00562', 'PF00237', 'PF04983', 'TIGR00344', 'PF00366', 'PF00203', 'PF00687', 'PF01509', 'PF00416', 'PF00410', 'PF00466', 'PF00276', 'PF00861', 'PF00338', 'PF04560', 'PF00164', 'PF04565', 'PF00573', 'PF03484', 'PF03719', 'PF00380', 'PF00312', 'PF01000', 'PF00189', 'PF00162', 'PF00411', 'TIGR00967', 'PF00177', 'PF00297', 'PF05000', 'TIGR00468', 'PF11987', 'PF00333', 'PF00831', 'TIGR00329', 'PF00347', 'PF08459', 'TIGR00755', 'PF00673'], 'Translation table': 11, '# ambiguous bases': 0, '0': 56, '# marker sets': 24, '3': 0, '4': 0, 'Genome size': 337997, 'GC std': 0.024993988256221407, 'GCN3': [], '# genomes': 5656, 'N50 (contigs)': 33263, 'Mean scaffold length': 24142.64285714286, '5+': 0, '1': 0, '# predicted genes': 368, 'Longest contig': 55469, 'Completeness': 0.0, 'GCN5+': [], 'GCN4': [], '# markers': 56, 'GCN1': [], 'Contamination': 0.0}
11	{'# scaffolds': 1, 'N50 (scaffolds)': 1712, 'GC': 0.5286214953271028, 'Mean contig length': 1712.0, 'GCN2': [], 'Coding density': 0.051985981308411214, 'Longest scaffold': 1712, '# contigs': 1, 'marker lineage': 'root', '2': 0, 'GCN0': ['PF00572', 'PF03946', 'PF00318', 'PF00298', 'PF03947', 'PF00623', 'PF00238', 'PF04563', 'TIGR00392', 'PF04997', 'PF02978', 'PF00281', 'PF00181', 'PF00252', 'PF01193', 'PF13184', 'PF04561', 'PF00562', 'PF00237', 'PF04983', 'TIGR00344', 'PF00366', 'PF00203', 'PF00687', 'PF01509', 'PF00416', 'PF00410', 'PF00466', 'PF00276', 'PF00861', 'PF00338', 'PF04560', 'PF00164', 'PF04565', 'PF00573', 'PF03484', 'PF03719', 'PF00380', 'PF00312', 'PF01000', 'PF00189', 'PF00162', 'PF00411', 'TIGR00967', 'PF00177', 'PF00297', 'PF05000', 'TIGR00468', 'PF11987', 'PF00333', 'PF00831', 'TIGR00329', 'PF00347', 'PF08459', 'TIGR00755', 'PF00673'], 'Translation table': 11, '# ambiguous bases': 0, '0': 56, '# marker sets': 24, '3': 0, '4': 0, 'Genome size': 1712, 'GC std': 0.0, 'GCN3': [], '# genomes': 5656, 'N50 (contigs)': 1712, 'Mean scaffold length': 1712.0, '5+': 0, '1': 0, '# predicted genes': 1, 'Longest contig': 1712, 'Completeness': 0.0, 'GCN5+': [], 'GCN4': [], '# markers': 56, 'GCN1': [], 'Contamination': 0.0}
7	{'# scaffolds': 1, 'N50 (scaffolds)': 1324, 'GC': 0.5347432024169184, 'Mean contig length': 1324.0, 'GCN2': [], 'Coding density': 0.9206948640483383, 'Longest scaffold': 1324, '# contigs': 1, 'marker lineage': 'root', '2': 0, 'GCN0': ['PF00572', 'PF03946', 'PF00318', 'PF00298', 'PF03947', 'PF00623', 'PF00238', 'PF04563', 'TIGR00392', 'PF04997', 'PF02978', 'PF00281', 'PF00181', 'PF00252', 'PF01193', 'PF13184', 'PF04561', 'PF00562', 'PF00237', 'PF04983', 'TIGR00344', 'PF00366', 'PF00203', 'PF00687', 'PF01509', 'PF00416', 'PF00410', 'PF00466', 'PF00276', 'PF00861', 'PF00338', 'PF04560', 'PF00164', 'PF04565', 'PF00573', 'PF03484', 'PF03719', 'PF00380', 'PF00312', 'PF01000', 'PF00189', 'PF00162', 'PF00411', 'TIGR00967', 'PF00177', 'PF00297', 'PF05000', 'TIGR00468', 'PF11987', 'PF00333', 'PF00831', 'TIGR00329', 'PF00347', 'PF08459', 'TIGR00755', 'PF00673'], 'Translation table': 11, '# ambiguous bases': 0, '0': 56, '# marker sets': 24, '3': 0, '4': 0, 'Genome size': 1324, 'GC std': 0.0, 'GCN3': [], '# genomes': 5656, 'N50 (contigs)': 1324, 'Mean scaffold length': 1324.0, '5+': 0, '1': 0, '# predicted genes': 3, 'Longest contig': 1324, 'Completeness': 0.0, 'GCN5+': [], 'GCN4': [], '# markers': 56, 'GCN1': [], 'Contamination': 0.0}
15	{'# scaffolds': 1, 'N50 (scaffolds)': 1283, 'GC': 0.4372564302416212, 'Mean contig length': 1283.0, 'GCN2': [], 'Coding density': 0.9875292283710054, 'Longest scaffold': 1283, '# contigs': 1, 'marker lineage': 'root', '2': 0, 'GCN0': ['PF00572', 'PF03946', 'PF00318', 'PF00298', 'PF03947', 'PF00623', 'PF00238', 'PF04563', 'TIGR00392', 'PF04997', 'PF02978', 'PF00281', 'PF00181', 'PF00252', 'PF01193', 'PF13184', 'PF04561', 'PF00562', 'PF00237', 'PF04983', 'TIGR00344', 'PF00366', 'PF00203', 'PF00687', 'PF01509', 'PF00416', 'PF00410', 'PF00466', 'PF00276', 'PF00861', 'PF00338', 'PF04560', 'PF00164', 'PF04565', 'PF00573', 'PF03484', 'PF03719', 'PF00380', 'PF00312', 'PF01000', 'PF00189', 'PF00162', 'PF00411', 'TIGR00967', 'PF00177', 'PF00297', 'PF05000', 'TIGR00468', 'PF11987', 'PF00333', 'PF00831', 'TIGR00329', 'PF00347', 'PF08459', 'TIGR00755', 'PF00673'], 'Translation table': 11, '# ambiguous bases': 0, '0': 56, '# marker sets': 24, '3': 0, '4': 0, 'Genome size': 1283, 'GC std': 0.0, 'GCN3': [], '# genomes': 5656, 'N50 (contigs)': 1283, 'Mean scaffold length': 1283.0, '5+': 0, '1': 0, '# predicted genes': 3, 'Longest contig': 1283, 'Completeness': 0.0, 'GCN5+': [], 'GCN4': [], '# markers': 56, 'GCN1': [], 'Contamination': 0.0}
21	{'# scaffolds': 1, 'N50 (scaffolds)': 1227, 'GC': 0.49959250203748984, 'Mean contig length': 1227.0, 'GCN2': [], 'Coding density': 0.3512632436837816, 'Longest scaffold': 1227, '# contigs': 1, 'marker lineage': 'root', '2': 0, 'GCN0': ['PF00572', 'PF03946', 'PF00318', 'PF00298', 'PF03947', 'PF00623', 'PF00238', 'PF04563', 'TIGR00392', 'PF04997', 'PF02978', 'PF00281', 'PF00181', 'PF00252', 'PF01193', 'PF13184', 'PF04561', 'PF00562', 'PF00237', 'PF04983', 'TIGR00344', 'PF00366', 'PF00203', 'PF00687', 'PF01509', 'PF00416', 'PF00410', 'PF00466', 'PF00276', 'PF00861', 'PF00338', 'PF04560', 'PF00164', 'PF04565', 'PF00573', 'PF03484', 'PF03719', 'PF00380', 'PF00312', 'PF01000', 'PF00189', 'PF00162', 'PF00411', 'TIGR00967', 'PF00177', 'PF00297', 'PF05000', 'TIGR00468', 'PF11987', 'PF00333', 'PF00831', 'TIGR00329', 'PF00347', 'PF08459', 'TIGR00755', 'PF00673'], 'Translation table': 11, '# ambiguous bases': 0, '0': 56, '# marker sets': 24, '3': 0, '4': 0, 'Genome size': 1227, 'GC std': 0.0, 'GCN3': [], '# genomes': 5656, 'N50 (contigs)': 1227, 'Mean scaffold length': 1227.0, '5+': 0, '1': 0, '# predicted genes': 1, 'Longest contig': 1227, 'Completeness': 0.0, 'GCN5+': [], 'GCN4': [], '# markers': 56, 'GCN1': [], 'Contamination': 0.0}
8	{'# scaffolds': 1, 'N50 (scaffolds)': 1322, 'GC': 0.3472012102874433, 'Mean contig length': 1322.0, 'GCN2': [], 'Coding density': 0.9568835098335855, 'Longest scaffold': 1322, '# contigs': 1, 'marker lineage': 'root', '2': 0, 'GCN0': ['PF00572', 'PF03946', 'PF00318', 'PF00298', 'PF03947', 'PF00623', 'PF00238', 'PF04563', 'TIGR00392', 'PF04997', 'PF02978', 'PF00281', 'PF00181', 'PF00252', 'PF01193', 'PF13184', 'PF04561', 'PF00562', 'PF00237', 'PF04983', 'TIGR00344', 'PF00366', 'PF00203', 'PF00687', 'PF01509', 'PF00416', 'PF00410', 'PF00466', 'PF00276', 'PF00861', 'PF00338', 'PF04560', 'PF00164', 'PF04565', 'PF00573', 'PF03484', 'PF03719', 'PF00380', 'PF00312', 'PF01000', 'PF00189', 'PF00162', 'PF00411', 'TIGR00967', 'PF00177', 'PF00297', 'PF05000', 'TIGR00468', 'PF11987', 'PF00333', 'PF00831', 'TIGR00329', 'PF00347', 'PF08459', 'TIGR00755', 'PF00673'], 'Translation table': 11, '# ambiguous bases': 0, '0': 56, '# marker sets': 24, '3': 0, '4': 0, 'Genome size': 1322, 'GC std': 0.0, 'GCN3': [], '# genomes': 5656, 'N50 (contigs)': 1322, 'Mean scaffold length': 1322.0, '5+': 0, '1': 0, '# predicted genes': 2, 'Longest contig': 1322, 'Completeness': 0.0, 'GCN5+': [], 'GCN4': [], '# markers': 56, 'GCN1': [], 'Contamination': 0.0}
2	{'# scaffolds': 45, 'N50 (scaffolds)': 147396, 'GC': 0.5068493210413628, 'Mean contig length': 101932.24444444444, 'GCN2': ['PF13145', 'PF06689'], 'Coding density': 0.8876890117204217, 'Longest scaffold': 448410, '# contigs': 45, 'marker lineage': 'f__Enterobacteriaceae', '2': 2, 'GCN0': ['TIGR03413', 'PF10733', 'TIGR01406', 'TIGR00573', 'PF13654', 'PF04363', 'PF00075'], 'Translation table': 11, '# ambiguous bases': 0, '0': 7, '# marker sets': 336, '3': 0, '4': 0, 'Genome size': 4586951, 'GC std': 0.016507224418357173, 'GCN3': [], '# genomes': 134, 'N50 (contigs)': 147396, 'Mean scaffold length': 101932.24444444444, '5+': 0, '1': 1164, '# predicted genes': 4215, 'Longest contig': 448410, 'Completeness': 99.07407407407408, 'GCN5+': [], 'GCN4': [], '# markers': 1173, 'GCN1': ['PF02674', 'TIGR00154', 'TIGR01854', 'TIGR02124', 'PF13288', 'PF01964', 'PF02559', 'PF04563', 'PF00886', 'PF06500', 'PF13275', 'TIGR00068', 'PF10144', 'TIGR01822', 'PF03966', 'PF03485', 'PF04390', 'TIGR00846', 'PF00333', 'TIGR02224', 'TIGR02201', 'PF03601', 'TIGR00528', 'PF00213', 'TIGR00554', 'PF01340', 'PF03937', 'PF10692', 'PF07273', 'TIGR03695', 'PF03454', 'PF06610', 'PF00697', 'PF12169', 'PF09157', 'PF03979', 'PF04024', 'PF04102', 'PF00163', 'PF02569', 'TIGR00584', 'PF01165', 'PF06426', 'PF08338', 'PF02223', 'PF02978', 'PF09382', 'PF13036', 'TIGR02392', 'PF01256', 'PF02575', 'PF00136', 'TIGR01740', 'PF00338', 'PF01967', 'PF03887', 'TIGR00370', 'PF01208', 'TIGR02405', 'PF04760', 'PF10689', 'TIGR00326', 'TIGR01063', 'TIGR00508', 'PF02882', 'PF13720', 'PF06450', 'PF12320', 'PF04228', 'TIGR02437', 'PF07256', 'PF08211', 'PF02634', 'TIGR00838', 'TIGR01176', 'PF13174', 'PF02391', 'PF10411', 'TIGR03725', 'TIGR01132', 'TIGR01682', 'PF02548', 'PF11638', 'PF05532', 'TIGR01082', 'PF08343', 'PF04257', 'PF00298', 'TIGR00476', 'PF00584', 'PF02410', 'PF07152', 'PF12826', 'PF03023', 'TIGR01292', 'PF04356', 'PF02606', 'TIGR01971', 'TIGR00464', 'PF02787', 'PF02607', 'PF12592', 'TIGR01277', 'TIGR01388', 'TIGR00392', 'TIGR02614', 'TIGR00235', 'PF12327', 'PF09190', 'TIGR02143', 'PF04241', 'PF01288', 'TIGR02197', 'TIGR00692', 'TIGR01246', 'TIGR01172', 'TIGR02193', 'PF02491', 'TIGR01059', 'TIGR02939', 'PF00265', 'TIGR00422', 'PF13023', 'PF00445', 'PF04561', 'TIGR02072', 'PF01371', 'PF00290', 'TIGR01421', 'PF12390', 'PF03873', 'PF08496', 'PF01000', 'TIGR00365', 'PF09526', 'TIGR00634', 'PF07743', 'TIGR03461', 'PF05000', 'PF02592', 'PF11808', 'TIGR01079', 'PF03872', 'PF13617', 'PF12404', 'TIGR02966', 'TIGR03284', 'PF00203', 'TIGR03012', 'PF00231', 'PF09600', 'TIGR01927', 'TIGR01943', 'TIGR00378', 'TIGR01302', 'PF01176', 'TIGR01510', 'TIGR01818', 'PF03331', 'TIGR01461', 'PF03938', 'TIGR01575', 'PF07947', 'PF10555', 'TIGR01161', 'PF10609', 'PF00091', 'PF04354', 'PF13840', 'PF07831', 'PF00781', 'PF02421', 'PF01209', 'TIGR01999', 'TIGR01520', 'PF03476', 'TIGR01704', 'PF05697', 'TIGR00763', 'PF01330', 'PF00733', 'TIGR02211', 'PF12105', 'TIGR01772', 'TIGR00973', 'PF07219', 'PF01084', 'PF01087', 'PF03946', 'TIGR02636', 'PF02313', 'PF04310', 'TIGR03197', 'TIGR03723', 'PF01678', 'TIGR00503', 'TIGR01090', 'PF13983', 'PF11046', 'TIGR01273', 'PF04204', 'PF12843', 'TIGR02649', 'TIGR02802', 'PF11940', 'PF11967', 'PF03193', 'PF02673', 'PF01250', 'TIGR00668', 'PF00311', 'PF04358', 'PF03882', 'PF01264', 'PF10369', 'PF09106', 'TIGR02440', 'PF08468', 'TIGR02198', 'PF13525', 'TIGR01447', 'TIGR01143', 'PF02664', 'PF11739', 'TIGR01532', 'TIGR00249', 'PF01933', 'PF07233', 'PF08278', 'PF06185', 'TIGR02225', 'TIGR02857', 'PF04378', 'PF07369', 'PF07095', 'PF04386', 'PF02685', 'TIGR02063', 'TIGR00856', 'PF00889', 'PF10722', 'PF00118', 'TIGR00974', 'PF00035', 'PF00430', 'PF03475', 'TIGR02038', 'PF07840', 'PF03486', 'PF11575', 'PF06463', 'PF10767', 'PF00380', 'PF14002', 'PF01624', 'PF01634', 'PF05209', 'PF07356', 'PF07498', 'TIGR01455', 'TIGR00263', 'PF07733', 'PF13393', 'PF01196', 'PF03775', 'PF00926', 'PF05491', 'PF10410', 'TIGR01984', 'TIGR01942', 'PF01580', 'TIGR02209', 'PF02742', 'PF08267', 'PF01812', 'PF01195', 'TIGR01499', 'PF07179', 'PF08461', 'TIGR02420', 'PF03749', 'PF01895', 'PF00237', 'TIGR02006', 'PF03881', 'PF09312', 'TIGR01055', 'PF13507', 'PF01257', 'PF02789', 'PF05698', 'PF02767', 'TIGR00227', 'PF00347', 'PF13369', 'PF00909', 'PF10509', 'TIGR02651', 'PF12168', 'TIGR00336', 'TIGR01212', 'TIGR02074', 'TIGR00409', 'PF07348', 'TIGR01072', 'TIGR02142', 'PF00507', 'TIGR02393', 'TIGR02968', 'PF00281', 'PF01219', 'TIGR01850', 'PF02594', 'TIGR03346', 'PF06965', 'PF00885', 'PF05127', 'TIGR01390', 'PF00162', 'PF08946', 'PF08891', 'TIGR02491', 'TIGR00552', 'TIGR01194', 'TIGR00901', 'PF01016', 'PF11890', 'PF04999', 'PF00471', 'PF10590', 'TIGR01074', 'PF02609', 'PF07972', 'PF02096', 'PF12626', 'TIGR00474', 'PF00745', 'PF10769', 'PF00707', 'TIGR03719', 'PF00830', 'TIGR02141', 'PF12084', 'PF07417', 'PF03572', 'TIGR03010', 'PF10777', 'TIGR01696', 'TIGR02381', 'PF05971', 'PF03104', 'TIGR03598', 'PF12528', 'TIGR02195', 'PF12769', 'PF04093', 'PF02233', 'PF13484', 'TIGR01449', 'PF13491', 'PF07264', 'PF03947', 'PF00585', 'PF02224', 'PF00463', 'PF04337', 'PF13974', 'PF01409', 'PF01406', 'TIGR02868', 'PF12344', 'TIGR00407', 'PF03618', 'PF04552', 'PF00562', 'PF03461', 'TIGR01356', 'TIGR02314', 'TIGR03391', 'TIGR01946', 'TIGR02223', 'PF04216', 'PF02699', 'TIGR00048', 'TIGR02274', 'PF01210', 'TIGR00979', 'TIGR00073', 'PF00393', 'TIGR01929', 'PF04613', 'PF01985', 'TIGR01474', 'PF06481', 'PF04315', 'TIGR02181', 'PF03853', 'PF09330', 'PF06832', 'PF09297', 'PF04560', 'PF13597', 'PF00164', 'PF01205', 'PF00673', 'PF02744', 'TIGR01718', 'TIGR00482', 'PF05690', 'PF09012', 'PF04345', 'PF06134', 'PF13742', 'PF02219', 'PF06173', 'PF11898', 'PF00218', 'TIGR00390', 'TIGR00195', 'TIGR02258', 'PF00499', 'TIGR01923', 'PF02823', 'PF04751', 'TIGR01670', 'PF09619', 'PF06288', 'PF13464', 'TIGR01617', 'PF11127', 'PF00925', 'TIGR00160', 'TIGR03692', 'PF03588', 'TIGR00019', 'PF02844', 'PF08436', 'PF04353', 'PF14450', 'PF02624', 'PF13607', 'TIGR02007', 'PF08029', 'PF00318', 'PF00119', 'TIGR00044', 'PF00764', 'TIGR01983', 'PF04445', 'PF00342', 'PF11893', 'PF03951', 'TIGR00063', 'PF08275', 'PF02580', 'PF05201', 'TIGR01962', 'TIGR00902', 'TIGR01973', 'PF01963', 'TIGR00234', 'PF02659', 'PF01113', 'TIGR00445', 'PF04023', 'PF03925', 'PF13230', 'TIGR03341', 'PF03950', 'PF02581', 'TIGR01253', 'TIGR00742', 'TIGR00611', 'TIGR01142', 'TIGR00766', 'PF02748', 'PF13537', 'TIGR01981', 'TIGR01932', 'PF07302', 'PF12221', 'PF03923', 'PF02912', 'PF01795', 'TIGR00587', 'TIGR00185', 'PF00276', 'PF00988', 'PF07295', 'TIGR01331', 'PF11842', 'PF03886', 'PF00861', 'PF01430', 'PF07499', 'TIGR02803', 'PF02618', 'TIGR00510', 'PF09984', 'PF09209', 'PF06005', 'TIGR01348', 'PF05525', 'PF06415', 'TIGR00595', 'PF02446', 'TIGR00922', 'PF12724', 'PF11892', 'TIGR02213', 'PF06026', 'TIGR03137', 'PF06480', 'PF04262', 'PF11045', 'PF04085', 'PF03453', 'PF06853', 'PF00327', 'TIGR00244', 'PF01262', 'PF00875', 'PF06295', 'TIGR00039', 'PF04546', 'TIGR02445', 'PF07497', 'TIGR02433', 'TIGR02034', 'PF03831', 'TIGR02624', 'TIGR00367', 'PF11818', 'PF01814', 'PF06526', 'PF01583', 'PF04340', 'TIGR00751', 'PF02091', 'PF00828', 'PF02781', 'PF02403', 'TIGR01203', 'PF13344', 'TIGR02639', 'PF04231', 'PF03755', 'PF00831', 'PF04963', 'PF02075', 'PF02153', 'PF03956', 'PF00627', 'PF13942', 'TIGR00628', 'TIGR02075', 'PF01386', 'PF07072', 'PF01018', 'TIGR03167', 'PF05222', 'PF04288', 'PF12170', 'TIGR01972', 'PF10928', 'PF02976', 'PF11734', 'PF00684', 'PF01980', 'TIGR01419', 'TIGR01245', 'TIGR01129', 'TIGR00761', 'PF01025', 'TIGR01036', 'PF02300', 'TIGR03392', 'TIGR01254', 'PF06325', 'TIGR01515', 'TIGR00670', 'TIGR03426', 'PF07516', 'PF05239', 'PF04279', 'PF11398', 'TIGR00988', 'PF00453', 'TIGR02648', 'PF06144', 'TIGR00759', 'TIGR01738', 'TIGR01039', 'PF04748', 'PF00344', 'PF04362', 'TIGR02379', 'PF03063', 'PF01253', 'PF05951', 'PF04493', 'TIGR00962', 'PF02565', 'PF04219', 'PF00366', 'TIGR01890', 'PF02843', 'TIGR01666', 'TIGR01830', 'TIGR02380', 'PF02401', 'PF11101', 'PF10725', 'PF06835', 'PF00475', 'PF04359', 'PF02390', 'PF00309', 'TIGR01998', 'PF01597', 'TIGR00839', 'PF03119', 'PF04413', 'PF04983', 'TIGR00446', 'PF04336', 'PF03948', 'PF01924', 'TIGR00460', 'TIGR00416', 'PF10757', 'PF02556', 'PF09334', 'TIGR03594', 'PF05195', 'TIGR01950', 'PF09584', 'TIGR01957', 'TIGR02493', 'PF01135', 'PF03109', 'PF00246', 'TIGR03534', 'TIGR02977', 'PF00438', 'PF05173', 'PF00334', 'PF00238', 'PF02602', 'PF07332', 'TIGR00514', 'PF02873', 'PF01337', 'PF00398', 'TIGR00633', 'TIGR00169', 'TIGR01574', 'PF04898', 'PF04101', 'PF13089', 'PF01566', 'PF01503', 'TIGR01298', 'PF01119', 'PF03484', 'PF03974', 'TIGR00987', 'PF04186', 'TIGR03002', 'PF04357', 'TIGR02010', 'PF00625', 'PF09456', 'PF12122', 'TIGR00462', 'PF10956', 'TIGR02665', 'TIGR01122', 'PF04343', 'PF04361', 'TIGR02355', 'PF02132', 'PF06508', 'PF04384', 'PF00573', 'PF04235', 'PF08328', 'PF04452', 'PF01491', 'TIGR01410', 'PF01625', 'TIGR00260', 'PF03441', 'PF13740', 'PF03710', 'PF01071', 'PF00013', 'TIGR02823', 'PF04380', 'PF05128', 'PF08323', 'PF11944', 'PF02631', 'TIGR01087', 'TIGR03821', 'PF03724', 'PF02253', 'PF07479', 'PF01170', 'PF02033', 'TIGR02071', 'PF10396', 'PF12462', 'TIGR01816', 'PF00667', 'TIGR01951', 'TIGR00486', 'TIGR00438', 'PF04405', 'PF00252', 'TIGR03317', 'TIGR02080', 'TIGR01085', 'PF08676', 'PF03602', 'PF02601', 'PF00490', 'PF03205', 'TIGR01276', 'TIGR00007', 'PF06804', 'PF00177', 'TIGR02721', 'PF06790', 'TIGR00097', 'PF04565', 'TIGR01075', 'PF00154', 'PF01928', 'PF13292', 'PF03840', 'TIGR02138', 'PF02705', 'PF02110', 'PF01184', 'PF06930', 'PF10709', 'PF03883', 'PF03033', 'TIGR00189', 'PF13413', 'PF08755', 'PF13980', 'TIGR01974', 'PF03411', 'PF01255', 'TIGR00619', 'TIGR00344', 'TIGR00968', 'PF10694', 'TIGR00498', 'TIGR01377', 'PF07759', 'PF00762', 'PF02955', 'PF06062', 'PF04220', 'PF00189', 'TIGR00539', 'PF04338', 'TIGR01473', 'TIGR01770', 'PF04246', 'PF00731', 'TIGR03420', 'TIGR01705', 'PF01281', 'PF00401', 'PF04217', 'PF10385', 'PF02163', 'PF13989', 'PF08364', 'TIGR02432', 'TIGR02203', 'PF04364', 'TIGR00121', 'PF02551', 'PF02599', 'TIGR03372', 'PF01765', 'TIGR00096', 'PF08340', 'PF05166', 'PF00166', 'PF09500', 'PF02670', 'PF00687', 'TIGR01138', 'PF01043', 'PF03352', 'TIGR00735', 'PF02527', 'PF09115', 'PF02347', 'TIGR01258', 'TIGR03703', 'PF13603', 'PF05494', 'TIGR02797', 'TIGR00576', 'TIGR00201', 'PF03626', 'PF01687', 'PF04317', 'PF13090', 'PF04453', 'PF01124', 'PF03054', 'TIGR03300', 'PF04379', 'PF03706', 'TIGR00705', 'PF13593', 'TIGR02382', 'TIGR03838', 'PF13932', 'PF02768', 'TIGR00972', 'PF01128', 'TIGR03140', 'TIGR00560', 'PF13466', 'PF08918', 'PF00042', 'PF05191', 'PF02405', 'PF05190', 'TIGR02057', 'PF03006', 'PF03819', 'TIGR00740', 'TIGR01134', 'TIGR00191', 'PF06572', 'TIGR02673', 'PF06574', 'PF04333', 'PF01193', 'PF05430', 'TIGR01394', 'PF03848', 'PF01509', 'TIGR00238', 'PF03603', 'TIGR03298', 'PF04052', 'PF00479', 'TIGR00545', 'TIGR00434', 'PF01450', 'TIGR03138', 'PF00116', 'PF08529', 'PF03952', 'PF03255', 'PF09976', 'PF01725', 'TIGR00418', 'TIGR00565', 'TIGR02091', 'PF01351', 'PF01434', 'PF04551', 'TIGR00655', 'PF00466', 'PF13167', 'TIGR01027', 'PF01379', 'PF03658', 'PF10043', 'PF10589', 'PF06611', 'TIGR00519', 'PF07717', 'PF01238', 'PF00181', 'PF00316', 'PF01326', 'TIGR00643', 'TIGR00553', 'PF12568', 'TIGR00515', 'PF06899', 'PF12002', 'TIGR02199', 'PF02113', 'PF03330', 'PF13406', 'PF13116', 'TIGR01083', 'TIGR02178', 'PF13624', 'TIGR01966', 'PF00253', 'PF00677', 'PF02146', 'PF04222', 'PF01142', 'PF00958', 'TIGR01693', 'TIGR02119', 'PF00137', 'PF04998', 'PF06942', 'PF05192', 'PF01325', 'TIGR00644', 'PF03900', 'TIGR02039', 'PF12111', 'TIGR00436', 'PF02503', 'TIGR01991', 'PF01808', 'PF13184', 'PF07445', 'TIGR02970', 'PF12633', 'PF02504', 'TIGR01125', 'TIGR00011', 'PF02639', 'PF00416', 'TIGR00965', 'PF01423', 'PF01948', 'PF06196', 'TIGR01961', 'TIGR00966', 'PF03590', 'TIGR02139', 'TIGR01364', 'PF07085', 'TIGR00713', 'TIGR00457', 'PF03942', 'PF00542', 'TIGR02446', 'PF03733', 'PF01715', 'TIGR01750', 'PF03702', 'PF07991', 'PF07226', 'TIGR00609', 'PF02772', 'PF08003', 'PF00763', 'TIGR01362', 'PF02535', 'PF04293', 'PF00572', 'PF13667', 'PF11076', 'TIGR01305', 'PF07254', 'PF04375', 'PF03888', 'PF02684', 'PF04170', 'PF06167', 'TIGR00531', 'PF01645', 'PF11873', 'PF10458', 'PF06794', 'TIGR00214', 'TIGR01013', 'TIGR00439', 'PF09179', 'PF01245', 'PF00800', 'PF07664', 'TIGR00128', 'PF06643', 'TIGR00122', 'PF13718', 'PF03668', 'TIGR02351', 'PF02622', 'TIGR01997', 'PF08299', 'TIGR01545', 'TIGR02350', 'PF02620', 'TIGR00717', 'PF01295', 'PF02965', 'PF05188', 'PF02666', 'TIGR00173', 'PF08331', 'TIGR00040', 'PF02951', 'TIGR01196', 'PF06421', 'PF04287', 'TIGR01379', 'PF00623', 'PF09371', 'PF03719', 'PF10735', 'PF02617', 'PF04304', 'PF00750', 'PF13532', 'TIGR00618', 'PF02646', 'PF01746', 'PF07023', 'PF02367', 'TIGR01430', 'PF05981', 'TIGR02625', 'PF02590', 'PF04320', 'PF10762', 'PF03652', 'PF03746', 'PF00406', 'PF01416', 'TIGR01948', 'PF03799', 'PF02576', 'PF00410', 'TIGR02403', 'PF13985', 'PF04060', 'TIGR00975', 'TIGR00213', 'PF06071', 'PF00510', 'PF00902', 'PF06865', 'TIGR01081', 'PF04077', 'PF00712', 'PF09107', 'TIGR01968', 'PF01259', 'PF06723', 'PF01513', 'PF01790', 'PF07208', 'PF12137', 'PF03091', 'TIGR01062', 'PF08272', 'PF12821', 'TIGR02154', 'PF11987', 'TIGR00948', 'PF01502', 'TIGR02796', 'TIGR02800', 'PF11762', 'TIGR00329', 'TIGR02062', 'PF06305', 'PF02542', 'TIGR01514', 'TIGR00433', 'PF03846', 'PF08459', 'TIGR02515', 'PF05496', 'PF12631', 'PF00297', 'PF09400', 'TIGR00064', 'PF02130', 'PF07517', 'PF06667', 'TIGR01749', 'PF00312', 'PF08411', 'TIGR02210', 'PF13997', 'PF03701', 'PF02261', 'PF02773', 'PF13549', 'PF03550', 'PF10625', 'PF01761', 'PF06418', 'PF03118', 'PF12857', 'TIGR02667', 'TIGR00563', 'PF02381', 'PF00488', 'PF01702', 'PF11143', 'TIGR02795', 'PF01433', 'PF03776', 'PF02938', 'TIGR01091', 'TIGR01980', 'PF03147', 'PF01782', 'TIGR01084', 'TIGR02254', 'PF08443', 'PF07305', 'PF07351', 'TIGR00078', 'PF07126', 'PF01668', 'TIGR01420', 'TIGR02085', 'PF08482', 'TIGR01947', 'TIGR02974', 'PF04997', 'TIGR01893', 'PF02092', 'PF10953', 'TIGR00547', 'TIGR00186', 'TIGR01855', 'TIGR00183', 'TIGR00546', 'TIGR01978', 'PF01192', 'PF10954', 'PF01327', 'TIGR01173', 'TIGR01955', 'PF09186', 'TIGR00878', 'PF04977', 'PF08478', 'TIGR00441', 'TIGR01933', 'PF01121', 'PF03726', 'TIGR04060', 'PF04391', 'PF13522', 'PF09397', 'PF02237', 'PF03740', 'PF00476', 'PF02325', 'PF02568', 'PF03884', 'PF05992', 'PF06303', 'TIGR02011', 'TIGR00538', 'PF01807'], 'Contamination': 0.0744047619047619}
9	{'# scaffolds': 17, 'N50 (scaffolds)': 29657, 'GC': 0.48109717734098867, 'Mean contig length': 17857.58823529412, 'GCN2': [], 'Coding density': 0.7867935529137391, 'Longest scaffold': 63465, '# contigs': 17, 'marker lineage': 'root', '2': 0, 'GCN0': ['PF00572', 'PF03946', 'PF00318', 'PF00298', 'PF03947', 'PF00623', 'PF00238', 'PF04563', 'TIGR00392', 'PF04997', 'PF02978', 'PF00281', 'PF00181', 'PF00252', 'PF01193', 'PF13184', 'PF04561', 'PF00562', 'PF00237', 'PF04983', 'TIGR00344', 'PF00366', 'PF00203', 'PF00687', 'PF01509', 'PF00416', 'PF00410', 'PF00466', 'PF00276', 'PF00861', 'PF00338', 'PF04560', 'PF00164', 'PF04565', 'PF00573', 'PF03484', 'PF03719', 'PF00380', 'PF00312', 'PF01000', 'PF00189', 'PF00162', 'PF00411', 'TIGR00967', 'PF00177', 'PF00297', 'PF05000', 'TIGR00468', 'PF11987', 'PF00333', 'PF00831', 'TIGR00329', 'PF00347', 'PF08459', 'TIGR00755', 'PF00673'], 'Translation table': 11, '# ambiguous bases': 0, '0': 56, '# marker sets': 24, '3': 0, '4': 0, 'Genome size': 303579, 'GC std': 0.033017764485334576, 'GCN3': [], '# genomes': 5656, 'N50 (contigs)': 29657, 'Mean scaffold length': 17857.58823529412, '5+': 0, '1': 0, '# predicted genes': 326, 'Longest contig': 63465, 'Completeness': 0.0, 'GCN5+': [], 'GCN4': [], '# markers': 56, 'GCN1': [], 'Contamination': 0.0}
13	{'# scaffolds': 2, 'N50 (scaffolds)': 3109, 'GC': 0.5313789359391965, 'Mean contig length': 2302.5, 'GCN2': [], 'Coding density': 0.12008686210640608, 'Longest scaffold': 3109, '# contigs': 2, 'marker lineage': 'root', '2': 0, 'GCN0': ['PF00572', 'PF03946', 'PF00318', 'PF00298', 'PF03947', 'PF00623', 'PF00238', 'PF04563', 'TIGR00392', 'PF04997', 'PF02978', 'PF00281', 'PF00181', 'PF00252', 'PF01193', 'PF13184', 'PF04561', 'PF00562', 'PF00237', 'PF04983', 'TIGR00344', 'PF00366', 'PF00203', 'PF00687', 'PF01509', 'PF00416', 'PF00410', 'PF00466', 'PF00276', 'PF00861', 'PF00338', 'PF04560', 'PF00164', 'PF04565', 'PF00573', 'PF03484', 'PF03719', 'PF00380', 'PF00312', 'PF01000', 'PF00189', 'PF00162', 'PF00411', 'TIGR00967', 'PF00177', 'PF00297', 'PF05000', 'TIGR00468', 'PF11987', 'PF00333', 'PF00831', 'TIGR00329', 'PF00347', 'PF08459', 'TIGR00755', 'PF00673'], 'Translation table': 11, '# ambiguous bases': 0, '0': 56, '# marker sets': 24, '3': 0, '4': 0, 'Genome size': 4605, 'GC std': 0.009996186481542699, 'GCN3': [], '# genomes': 5656, 'N50 (contigs)': 3109, 'Mean scaffold length': 2302.5, '5+': 0, '1': 0, '# predicted genes': 3, 'Longest contig': 3109, 'Completeness': 0.0, 'GCN5+': [], 'GCN4': [], '# markers': 56, 'GCN1': [], 'Contamination': 0.0}
6	{'# scaffolds': 2, 'N50 (scaffolds)': 4680, 'GC': 0.3448657187993681, 'Mean contig length': 3165.0, 'GCN2': [], 'Coding density': 0.8109004739336493, 'Longest scaffold': 4680, '# contigs': 2, 'marker lineage': 'root', '2': 0, 'GCN0': ['PF00572', 'PF03946', 'PF00318', 'PF00298', 'PF03947', 'PF00623', 'PF00238', 'PF04563', 'TIGR00392', 'PF04997', 'PF02978', 'PF00281', 'PF00181', 'PF00252', 'PF01193', 'PF13184', 'PF04561', 'PF00562', 'PF00237', 'PF04983', 'TIGR00344', 'PF00366', 'PF00203', 'PF00687', 'PF01509', 'PF00416', 'PF00410', 'PF00466', 'PF00276', 'PF00861', 'PF00338', 'PF04560', 'PF00164', 'PF04565', 'PF00573', 'PF03484', 'PF03719', 'PF00380', 'PF00312', 'PF01000', 'PF00189', 'PF00162', 'PF00411', 'TIGR00967', 'PF00177', 'PF00297', 'PF05000', 'TIGR00468', 'PF11987', 'PF00333', 'PF00831', 'TIGR00329', 'PF00347', 'PF08459', 'TIGR00755', 'PF00673'], 'Translation table': 11, '# ambiguous bases': 0, '0': 56, '# marker sets': 24, '3': 0, '4': 0, 'Genome size': 6330, 'GC std': 0.005894334589451047, 'GCN3': [], '# genomes': 5656, 'N50 (contigs)': 4680, 'Mean scaffold length': 3165.0, '5+': 0, '1': 0, '# predicted genes': 6, 'Longest contig': 4680, 'Completeness': 0.0, 'GCN5+': [], 'GCN4': [], '# markers': 56, 'GCN1': [], 'Contamination': 0.0}
18	{'# scaffolds': 2, 'N50 (scaffolds)': 7296, 'GC': 0.3622883478609358, 'Mean contig length': 4990.5, 'GCN2': [], 'Coding density': 0.5325117723674982, 'Longest scaffold': 7296, '# contigs': 2, 'marker lineage': 'root', '2': 0, 'GCN0': ['PF00572', 'PF03946', 'PF00318', 'PF00298', 'PF03947', 'PF00623', 'PF00238', 'PF04563', 'TIGR00392', 'PF04997', 'PF02978', 'PF00281', 'PF00181', 'PF00252', 'PF01193', 'PF13184', 'PF04561', 'PF00562', 'PF00237', 'PF04983', 'TIGR00344', 'PF00366', 'PF00203', 'PF00687', 'PF01509', 'PF00416', 'PF00410', 'PF00466', 'PF00276', 'PF00861', 'PF00338', 'PF04560', 'PF00164', 'PF04565', 'PF00573', 'PF03484', 'PF03719', 'PF00380', 'PF00312', 'PF01000', 'PF00189', 'PF00162', 'PF00411', 'TIGR00967', 'PF00177', 'PF00297', 'PF05000', 'TIGR00468', 'PF11987', 'PF00333', 'PF00831', 'TIGR00329', 'PF00347', 'PF08459', 'TIGR00755', 'PF00673'], 'Translation table': 11, '# ambiguous bases': 0, '0': 56, '# marker sets': 24, '3': 0, '4': 0, 'Genome size': 9981, 'GC std': 0.010174157603887098, 'GCN3': [], '# genomes': 5656, 'N50 (contigs)': 7296, 'Mean scaffold length': 4990.5, '5+': 0, '1': 0, '# predicted genes': 11, 'Longest contig': 7296, 'Completeness': 0.0, 'GCN5+': [], 'GCN4': [], '# markers': 56, 'GCN1': [], 'Contamination': 0.0}
0	{'# scaffolds': 2, 'N50 (scaffolds)': 1656, 'GC': 0.35145631067961164, 'Mean contig length': 1545.0, 'GCN2': [], 'Coding density': 0.8944983818770227, 'Longest scaffold': 1656, '# contigs': 2, 'marker lineage': 'root', '2': 0, 'GCN0': ['PF00572', 'PF03946', 'PF00318', 'PF00298', 'PF03947', 'PF00623', 'PF00238', 'PF04563', 'TIGR00392', 'PF04997', 'PF02978', 'PF00281', 'PF00181', 'PF00252', 'PF01193', 'PF13184', 'PF04561', 'PF00562', 'PF00237', 'PF04983', 'TIGR00344', 'PF00366', 'PF00203', 'PF00687', 'PF01509', 'PF00416', 'PF00410', 'PF00466', 'PF00276', 'PF00861', 'PF00338', 'PF04560', 'PF00164', 'PF04565', 'PF00573', 'PF03484', 'PF03719', 'PF00380', 'PF00312', 'PF01000', 'PF00189', 'PF00162', 'PF00411', 'TIGR00967', 'PF00177', 'PF00297', 'PF05000', 'TIGR00468', 'PF11987', 'PF00333', 'PF00831', 'TIGR00329', 'PF00347', 'PF08459', 'TIGR00755', 'PF00673'], 'Translation table': 11, '# ambiguous bases': 0, '0': 56, '# marker sets': 24, '3': 0, '4': 0, 'Genome size': 3090, 'GC std': 0.01044414897151333, 'GCN3': [], '# genomes': 5656, 'N50 (contigs)': 1656, 'Mean scaffold length': 1545.0, '5+': 0, '1': 0, '# predicted genes': 3, 'Longest contig': 1656, 'Completeness': 0.0, 'GCN5+': [], 'GCN4': [], '# markers': 56, 'GCN1': [], 'Contamination': 0.0}
10	{'# scaffolds': 3, 'N50 (scaffolds)': 1272, 'GC': 0.347975654935168, 'Mean contig length': 1259.6666666666667, 'GCN2': [], 'Coding density': 0.6835141571844403, 'Longest scaffold': 1368, '# contigs': 3, 'marker lineage': 'root', '2': 0, 'GCN0': ['PF00572', 'PF03946', 'PF00318', 'PF00298', 'PF03947', 'PF00623', 'PF00238', 'PF04563', 'TIGR00392', 'PF04997', 'PF02978', 'PF00281', 'PF00181', 'PF00252', 'PF01193', 'PF13184', 'PF04561', 'PF00562', 'PF00237', 'PF04983', 'TIGR00344', 'PF00366', 'PF00203', 'PF00687', 'PF01509', 'PF00416', 'PF00410', 'PF00466', 'PF00276', 'PF00861', 'PF00338', 'PF04560', 'PF00164', 'PF04565', 'PF00573', 'PF03484', 'PF03719', 'PF00380', 'PF00312', 'PF01000', 'PF00189', 'PF00162', 'PF00411', 'TIGR00967', 'PF00177', 'PF00297', 'PF05000', 'TIGR00468', 'PF11987', 'PF00333', 'PF00831', 'TIGR00329', 'PF00347', 'PF08459', 'TIGR00755', 'PF00673'], 'Translation table': 11, '# ambiguous bases': 0, '0': 56, '# marker sets': 24, '3': 0, '4': 0, 'Genome size': 3779, 'GC std': 0.002114955949772855, 'GCN3': [], '# genomes': 5656, 'N50 (contigs)': 1272, 'Mean scaffold length': 1259.6666666666667, '5+': 0, '1': 0, '# predicted genes': 5, 'Longest contig': 1368, 'Completeness': 0.0, 'GCN5+': [], 'GCN4': [], '# markers': 56, 'GCN1': [], 'Contamination': 0.0}
19	{'# scaffolds': 4, 'N50 (scaffolds)': 8490, 'GC': 0.5288317896623842, 'Mean contig length': 3347.0, 'GCN2': [], 'Coding density': 0.790259934269495, 'Longest scaffold': 8490, '# contigs': 4, 'marker lineage': 'root', '2': 0, 'GCN0': ['PF00572', 'PF03946', 'PF00318', 'PF00298', 'PF03947', 'PF00623', 'PF00238', 'PF04563', 'TIGR00392', 'PF04997', 'PF02978', 'PF00281', 'PF00181', 'PF00252', 'PF01193', 'PF13184', 'PF04561', 'PF00562', 'PF00237', 'PF04983', 'TIGR00344', 'PF00366', 'PF00203', 'PF00687', 'PF01509', 'PF00416', 'PF00410', 'PF00466', 'PF00276', 'PF00861', 'PF00338', 'PF04560', 'PF00164', 'PF04565', 'PF00573', 'PF03484', 'PF03719', 'PF00380', 'PF00312', 'PF01000', 'PF00189', 'PF00162', 'PF00411', 'TIGR00967', 'PF00177', 'PF00297', 'PF05000', 'TIGR00468', 'PF11987', 'PF00333', 'PF00831', 'TIGR00329', 'PF00347', 'PF08459', 'TIGR00755', 'PF00673'], 'Translation table': 11, '# ambiguous bases': 0, '0': 56, '# marker sets': 24, '3': 0, '4': 0, 'Genome size': 13388, 'GC std': 0.027501858240772836, 'GCN3': [], '# genomes': 5656, 'N50 (contigs)': 8490, 'Mean scaffold length': 3347.0, '5+': 0, '1': 0, '# predicted genes': 15, 'Longest contig': 8490, 'Completeness': 0.0, 'GCN5+': [], 'GCN4': [], '# markers': 56, 'GCN1': [], 'Contamination': 0.0}
5	{'# scaffolds': 1, 'N50 (scaffolds)': 1026, 'GC': 0.5750487329434698, 'Mean contig length': 1026.0, 'GCN2': [], 'Coding density': 0.9961013645224172, 'Longest scaffold': 1026, '# contigs': 1, 'marker lineage': 'root', '2': 0, 'GCN0': ['PF00572', 'PF03946', 'PF00318', 'PF00298', 'PF03947', 'PF00623', 'PF00238', 'PF04563', 'TIGR00392', 'PF04997', 'PF02978', 'PF00281', 'PF00181', 'PF00252', 'PF01193', 'PF13184', 'PF04561', 'PF00562', 'PF00237', 'PF04983', 'TIGR00344', 'PF00366', 'PF00203', 'PF00687', 'PF01509', 'PF00416', 'PF00410', 'PF00466', 'PF00276', 'PF00861', 'PF00338', 'PF04560', 'PF00164', 'PF04565', 'PF00573', 'PF03484', 'PF03719', 'PF00380', 'PF00312', 'PF01000', 'PF00189', 'PF00162', 'PF00411', 'TIGR00967', 'PF00177', 'PF00297', 'PF05000', 'TIGR00468', 'PF11987', 'PF00333', 'PF00831', 'TIGR00329', 'PF00347', 'PF08459', 'TIGR00755', 'PF00673'], 'Translation table': 11, '# ambiguous bases': 0, '0': 56, '# marker sets': 24, '3': 0, '4': 0, 'Genome size': 1026, 'GC std': 0.0, 'GCN3': [], '# genomes': 5656, 'N50 (contigs)': 1026, 'Mean scaffold length': 1026.0, '5+': 0, '1': 0, '# predicted genes': 1, 'Longest contig': 1026, 'Completeness': 0.0, 'GCN5+': [], 'GCN4': [], '# markers': 56, 'GCN1': [], 'Contamination': 0.0}
