4	{'NODE_55_length_58292_cov_6.784433_44': {'PF03143.12': [[299, 393]]}, 'NODE_55_length_58292_cov_6.784433_38': {'PF00203.16': [[3, 83]]}, 'NODE_55_length_58292_cov_6.784433_33': {'PF00366.15': [[12, 79]]}, 'NODE_55_length_58292_cov_6.784433_17': {'PF00416.17': [[3, 108]]}, 'NODE_55_length_58292_cov_6.784433_35': {'PF00252.13': [[4, 133]]}, 'NODE_55_length_58292_cov_6.784433_14': {'PF01196.14': [[16, 120]]}, 'NODE_55_length_58292_cov_6.784433_34': {'PF00831.18': [[9, 65]]}, 'NODE_55_length_58292_cov_6.784433_25': {'PF03719.10': [[85, 158]], 'PF00333.15': [[10, 75]]}, 'NODE_55_length_58292_cov_6.784433_64': {'PF00749.16': [[10, 329]]}, 'NODE_55_length_58292_cov_6.784433_31': {'TIGR01079': [[1, 100]]}, 'NODE_55_length_58292_cov_6.784433_39': {'PF03947.13': [[124, 253]], 'PF00181.18': [[42, 118]]}, 'NODE_55_length_58292_cov_6.784433_71': {'PF00217.14': [[20, 254]]}, 'NODE_55_length_58292_cov_6.784433_37': {'PF00237.14': [[5, 109]]}, 'NODE_55_length_58292_cov_6.784433_3': {'PF14089.1': [[17, 195]]}, 'NODE_55_length_58292_cov_6.784433_59': {'PF05991.6': [[5, 167]]}, 'NODE_55_length_58292_cov_6.784433_24': {'PF00327.15': [[5, 55]]}, 'NODE_55_length_58292_cov_6.784433_49': {'PF04997.7': [[6, 331]], 'PF05000.12': [[692, 760]], 'PF04998.12': [[770, 1134]], 'PF04983.13': [[478, 663]], 'PF00623.15': [[333, 474]]}, 'NODE_55_length_58292_cov_6.784433_46': {'PF00177.16': [[1, 149]]}, 'NODE_55_length_58292_cov_6.784433_43': {'PF00338.17': [[6, 102]]}, 'NODE_55_length_58292_cov_6.784433_68': {'PF10635.4': [[143, 284]]}, 'NODE_55_length_58292_cov_6.784433_19': {'PF01176.14': [[6, 70]]}, 'NODE_55_length_58292_cov_6.784433_52': {'TIGR00855': [[2, 119]]}, 'NODE_55_length_58292_cov_6.784433_54': {'PF00687.16': [[28, 221]]}, 'NODE_55_length_58292_cov_6.784433_73': {'PF05848.6': [[1, 152]]}, 'NODE_55_length_58292_cov_6.784433_65': {'PF02542.11': [[2, 158]]}, 'NODE_55_length_58292_cov_6.784433_32': {'TIGR01067': [[1, 122]]}, 'NODE_55_length_58292_cov_6.784433_7': {'PF10730.4': [[1, 142]]}, 'NODE_55_length_58292_cov_6.784433_15': {'PF01193.19': [[25, 222]], 'PF01000.21': [[59, 152]]}, 'NODE_55_length_58292_cov_6.784433_41': {'PF00573.17': [[17, 204]]}, 'NODE_55_length_58292_cov_6.784433_58': {'TIGR02859': [[13, 210]]}, 'NODE_55_length_58292_cov_6.784433_8': {'PF00380.14': [[10, 130]]}, 'NODE_55_length_58292_cov_6.784433_51': {'PF05175.9': [[28, 195]]}, 'NODE_55_length_58292_cov_6.784433_42': {'PF00297.17': [[9, 202]]}, 'NODE_55_length_58292_cov_6.784433_45': {'TIGR00484': [[1, 690]]}, 'NODE_55_length_58292_cov_6.784433_16': {'PF00411.14': [[19, 128]]}, 'NODE_55_length_58292_cov_6.784433_30': {'PF00281.14': [[24, 80]], 'PF00673.16': [[84, 177]]}, 'NODE_55_length_58292_cov_6.784433_60': {'TIGR00186': [[3, 242]]}, 'NODE_55_length_58292_cov_6.784433_50': {'PF10385.4': [[546, 613]], 'PF04560.15': [[1070, 1145]], 'PF04563.10': [[28, 464]], 'PF04561.9': [[140, 290]], 'PF04565.11': [[468, 537]], 'PF00562.23': [[622, 1068]]}, 'NODE_55_length_58292_cov_6.784433_40': {'PF00276.15': [[6, 90]]}, 'NODE_55_length_58292_cov_6.784433_55': {'PF00298.14': [[71, 139]], 'PF03946.9': [[8, 66]]}, 'NODE_55_length_58292_cov_6.784433_29': {'PF00253.16': [[9, 60]]}, 'NODE_55_length_58292_cov_6.784433_63': {'TIGR01172': [[6, 166]]}, 'NODE_55_length_58292_cov_6.784433_26': {'PF00861.17': [[7, 120]]}, 'NODE_55_length_58292_cov_6.784433_23': {'PF00828.14': [[27, 145]]}, 'NODE_55_length_58292_cov_6.784433_53': {'PF00466.15': [[6, 101]]}, 'NODE_55_length_58292_cov_6.784433_27': {'PF00347.18': [[11, 83]]}, 'NODE_55_length_58292_cov_6.784433_28': {'PF00410.14': [[5, 132]]}, 'NODE_55_length_58292_cov_6.784433_56': {'PF02357.14': [[3, 103]]}, 'NODE_55_length_58292_cov_6.784433_47': {'PF00164.20': [[2, 136]]}, 'NODE_55_length_58292_cov_6.784433_69': {'PF13541.1': [[359, 430]]}, 'NODE_55_length_58292_cov_6.784433_62': {'PF01406.14': [[17, 313]], 'PF09190.6': [[353, 413]]}, 'NODE_55_length_58292_cov_6.784433_66': {'PF01128.14': [[4, 221]]}, 'NODE_55_length_58292_cov_6.784433_21': {'PF00406.17': [[5, 189]], 'PF05191.9': [[127, 162]]}, 'NODE_55_length_58292_cov_6.784433_9': {'PF00572.13': [[16, 142]]}}
3	{'NODE_7_length_248426_cov_6.140266_107': {'PF01509.13': [[23, 178]]}, 'NODE_6_length_339773_cov_6.216359_47': {'PF01016.14': [[10, 90]]}, 'NODE_7_length_248426_cov_6.140266_138': {'PF01746.16': [[23, 221]]}, 'NODE_20_length_155106_cov_6.157980_46': {'PF00453.13': [[3, 109]]}, 'NODE_16_length_180287_cov_6.199043_16': {'PF12344.3': [[551, 594]]}, 'NODE_7_length_248426_cov_6.140266_121': {'PF01765.14': [[20, 183]]}, 'NODE_6_length_339773_cov_6.216359_171': {'PF06421.7': [[497, 604]]}, 'NODE_64_length_48557_cov_6.557400_15': {'TIGR02432': [[25, 212]]}, 'NODE_20_length_155106_cov_6.157980_56': {'PF01121.15': [[4, 182]]}, 'NODE_7_length_248426_cov_6.140266_123': {'PF00889.14': [[56, 274]]}, 'NODE_6_length_339773_cov_6.216359_69': {'TIGR00084': [[1, 201]]}, 'NODE_7_length_248426_cov_6.140266_137': {'PF01245.15': [[3, 113]]}, 'NODE_7_length_248426_cov_6.140266_124': {'PF00318.15': [[9, 224]]}, 'NODE_6_length_339773_cov_6.216359_45': {'PF00829.16': [[1, 95]]}, 'NODE_7_length_248426_cov_6.140266_141': {'PF00886.14': [[9, 67]]}, 'NODE_17_length_178237_cov_6.000415_9': {'TIGR00019': [[1, 353]]}, 'NODE_73_length_36765_cov_6.109316_30': {'PF08459.6': [[371, 523]]}, 'NODE_12_length_207618_cov_6.227815_207': {'TIGR00810': [[2, 76]]}, 'NODE_6_length_339773_cov_6.216359_89': {'TIGR00459': [[3, 586]]}, 'NODE_7_length_248426_cov_6.140266_105': {'PF00312.17': [[7, 88]]}, 'NODE_7_length_248426_cov_6.140266_113': {'PF08529.6': [[4, 123]], 'PF13184.1': [[229, 296]]}, 'NODE_12_length_207618_cov_6.227815_204': {'PF01668.13': [[7, 74]]}, 'NODE_7_length_248426_cov_6.140266_163': {'TIGR00460': [[3, 309]]}, 'NODE_20_length_155106_cov_6.157980_47': {'PF01632.14': [[2, 62]]}, 'NODE_84_length_29609_cov_6.256107_3': {'PF03948.9': [[63, 147]], 'PF01281.14': [[1, 48]]}, 'NODE_6_length_339773_cov_6.216359_105': {'TIGR00250': [[4, 135]]}, 'NODE_101_length_14737_cov_6.407710_14': {'TIGR00615': [[2, 196]]}, 'NODE_84_length_29609_cov_6.256107_8': {'PF01250.12': [[2, 92]]}, 'NODE_7_length_248426_cov_6.140266_110': {'PF11987.3': [[472, 578]]}, 'NODE_7_length_248426_cov_6.140266_108': {'PF02033.13': [[4, 107]]}, 'NODE_6_length_339773_cov_6.216359_17': {'PF05697.8': [[1, 146]]}, 'NODE_6_length_339773_cov_6.216359_168': {'PF01649.13': [[2, 84]]}, 'NODE_7_length_248426_cov_6.140266_168': {'TIGR03263': [[6, 184]]}, 'NODE_64_length_48557_cov_6.557400_37': {'TIGR00755': [[19, 286]]}, 'NODE_51_length_62778_cov_5.967412_48': {'TIGR03594': [[4, 432]]}, 'NODE_6_length_339773_cov_6.216359_70': {'PF05491.8': [[254, 328]]}, 'NODE_6_length_339773_cov_6.216359_49': {'PF01018.17': [[2, 157]]}, 'NODE_84_length_29609_cov_6.256107_9': {'PF06071.8': [[282, 365]]}, 'NODE_20_length_155106_cov_6.157980_35': {'PF03484.10': [[412, 479]]}, 'NODE_7_length_248426_cov_6.140266_216': {'PF01795.14': [[2, 310]]}, 'NODE_6_length_339773_cov_6.216359_187': {'PF02130.12': [[15, 153]]}, 'NODE_6_length_339773_cov_6.216359_103': {'TIGR00344': [[8, 858]]}, 'NODE_100_length_15507_cov_6.229938_4': {'TIGR03723': [[7, 318]], 'TIGR00329': [[8, 311]]}, 'NODE_20_length_155106_cov_6.157980_36': {'PF02912.13': [[18, 89]], 'PF01409.15': [[93, 341]]}, 'NODE_100_length_15507_cov_6.229938_1': {'PF02367.12': [[14, 132]]}, 'NODE_12_length_207618_cov_6.227815_214': {'PF00162.14': [[6, 383]]}, 'NODE_64_length_48557_cov_6.557400_27': {'PF01195.14': [[24, 206]]}, 'NODE_7_length_248426_cov_6.140266_142': {'PF02978.14': [[328, 427]]}}
14	{}
16	{}
12	{}
20	{}
17	{}
11	{}
7	{}
15	{}
21	{}
8	{}
2	{'NODE_28_length_122184_cov_50.593364_5': {'TIGR00185': [[1, 153]]}, 'NODE_15_length_185841_cov_48.828717_6': {'PF11873.3': [[2, 191]]}, 'NODE_4_length_361575_cov_49.709197_131': {'PF03710.10': [[553, 804]]}, 'NODE_42_length_84482_cov_49.547041_36': {'PF01340.15': [[2, 105]]}, 'NODE_29_length_121436_cov_43.135375_78': {'PF07840.7': [[72, 234]]}, 'NODE_2_length_403395_cov_45.560559_283': {'TIGR00515': [[1, 281]]}, 'NODE_21_length_152504_cov_45.257627_125': {'TIGR02142': [[2, 350]]}, 'NODE_91_length_22879_cov_47.154881_19': {'PF11892.3': [[333, 453]]}, 'NODE_36_length_101476_cov_44.351564_18': {'PF02146.12': [[48, 221]]}, 'NODE_21_length_152504_cov_45.257627_82': {'PF05971.7': [[3, 296]]}, 'NODE_33_length_107463_cov_48.629218_11': {'PF01351.13': [[13, 189]]}, 'NODE_67_length_41510_cov_50.047497_33': {'PF00366.15': [[10, 78]]}, 'NODE_3_length_401717_cov_46.827260_145': {'PF02575.11': [[11, 102]]}, 'NODE_23_length_147396_cov_49.445640_81': {'TIGR00668': [[1, 278]]}, 'NODE_23_length_147396_cov_49.445640_92': {'PF11762.3': [[362, 476]]}, 'NODE_76_length_35369_cov_51.597072_14': {'PF08461.5': [[23, 83]], 'TIGR02063': [[19, 725]]}, 'NODE_30_length_113405_cov_50.408937_80': {'TIGR02382': [[44, 224]]}, 'NODE_29_length_121436_cov_43.135375_71': {'PF05166.8': [[3, 76]]}, 'NODE_3_length_401717_cov_46.827260_214': {'PF05525.8': [[8, 429]]}, 'NODE_21_length_152504_cov_45.257627_3': {'TIGR01292': [[43, 349]]}, 'NODE_3_length_401717_cov_46.827260_208': {'PF02699.10': [[20, 102]]}, 'NODE_3_length_401717_cov_46.827260_234': {'PF10953.3': [[1, 70]]}, 'NODE_82_length_29880_cov_52.150210_27': {'PF01071.14': [[103, 296]], 'PF02844.10': [[1, 102]], 'PF02843.11': [[330, 423]]}, 'NODE_21_length_152504_cov_45.257627_93': {'PF09209.6': [[96, 218]]}, 'NODE_25_length_142750_cov_45.278426_118': {'TIGR00547': [[1, 203]]}, 'NODE_15_length_185841_cov_48.828717_128': {'PF04257.9': [[1, 825]]}, 'NODE_27_length_131964_cov_43.078228_71': {'TIGR02974': [[8, 323]]}, 'NODE_28_length_122184_cov_50.593364_7': {'PF01210.18': [[8, 164]], 'PF07479.9': [[184, 325]]}, 'NODE_33_length_107463_cov_48.629218_50': {'PF12626.2': [[324, 447]], 'TIGR01942': [[20, 447]]}, 'NODE_76_length_35369_cov_51.597072_6': {'PF01715.12': [[45, 297]]}, 'NODE_31_length_112489_cov_41.627426_19': {'TIGR00979': [[4, 461]]}, 'NODE_33_length_107463_cov_48.629218_13': {'PF13720.1': [[180, 262]]}, 'NODE_3_length_401717_cov_46.827260_332': {'PF13230.1': [[1, 252]]}, 'NODE_4_length_361575_cov_49.709197_310': {'TIGR00531': [[1, 156]]}, 'NODE_4_length_361575_cov_49.709197_322': {'PF06325.8': [[2, 292]]}, 'NODE_54_length_60494_cov_51.148679_27': {'TIGR02138': [[18, 311]]}, 'NODE_46_length_72983_cov_46.494227_50': {'PF03950.13': [[340, 528]]}, 'NODE_3_length_401717_cov_46.827260_199': {'TIGR01951': [[6, 131]]}, 'NODE_4_length_361575_cov_49.709197_247': {'PF02113.10': [[20, 468]]}, 'NODE_4_length_361575_cov_49.709197_267': {'PF04963.8': [[107, 304]], 'PF04552.8': [[317, 475]], 'PF00309.15': [[3, 49]]}, 'NODE_36_length_101476_cov_44.351564_45': {'TIGR01830': [[8, 242]]}, 'NODE_36_length_101476_cov_44.351564_24': {'PF03461.10': [[1021, 1117]], 'PF02559.11': [[492, 589]]}, 'NODE_54_length_60494_cov_51.148679_2': {'TIGR00611': [[1, 355]]}, 'NODE_38_length_98517_cov_50.200240_67': {'PF03091.10': [[12, 111]]}, 'NODE_15_length_185841_cov_48.828717_9': {'PF02390.12': [[49, 238]]}, 'NODE_33_length_107463_cov_48.629218_21': {'PF01255.14': [[23, 243]]}, 'NODE_21_length_152504_cov_45.257627_38': {'PF08443.6': [[97, 286]]}, 'NODE_29_length_121436_cov_43.135375_106': {'TIGR00019': [[1, 358]]}, 'NODE_32_length_111324_cov_46.582660_57': {'PF04551.9': [[13, 354]]}, 'NODE_71_length_38542_cov_46.252605_11': {'PF03740.8': [[5, 238]]}, 'NODE_1_length_448410_cov_43.210057_160': {'PF06689.8': [[6, 41]]}, 'NODE_37_length_98540_cov_48.278997_85': {'PF06418.9': [[3, 276]]}, 'NODE_33_length_107463_cov_48.629218_34': {'TIGR01705': [[42, 229]], 'TIGR01704': [[2, 229]]}, 'NODE_1_length_448410_cov_43.210057_249': {'PF13974.1': [[15, 95]]}, 'NODE_2_length_403395_cov_45.560559_282': {'TIGR01499': [[32, 413]]}, 'NODE_33_length_107463_cov_48.629218_69': {'TIGR01203': [[11, 177]]}, 'NODE_54_length_60494_cov_51.148679_1': {'TIGR01059': [[5, 556]]}, 'NODE_32_length_111324_cov_46.582660_72': {'TIGR02006': [[1, 404]]}, 'NODE_37_length_98540_cov_48.278997_57': {'PF01128.14': [[8, 229]]}, 'NODE_27_length_131964_cov_43.078228_52': {'PF01253.17': [[28, 104]]}, 'NODE_74_length_36739_cov_46.702786_6': {'PF13593.1': [[8, 316]]}, 'NODE_29_length_121436_cov_43.135375_98': {'PF06071.8': [[279, 362]]}, 'NODE_32_length_111324_cov_46.582660_21': {'PF13980.1': [[1, 62]]}, 'NODE_4_length_361575_cov_49.709197_145': {'PF01165.15': [[3, 58]]}, 'NODE_1_length_448410_cov_43.210057_110': {'PF08459.6': [[383, 542]]}, 'NODE_3_length_401717_cov_46.827260_2': {'TIGR01574': [[4, 440]]}, 'NODE_3_length_401717_cov_46.827260_149': {'PF07445.7': [[7, 175]]}, 'NODE_2_length_403395_cov_45.560559_135': {'PF13989.1': [[4, 109]]}, 'NODE_30_length_113405_cov_50.408937_67': {'PF12633.2': [[1, 200]], 'PF01295.13': [[228, 826]]}, 'NODE_57_length_57866_cov_48.843144_6': {'PF12821.2': [[12, 147]]}, 'NODE_30_length_113405_cov_50.408937_12': {'TIGR01410': [[2, 80]]}, 'NODE_1_length_448410_cov_43.210057_355': {'TIGR00987': [[2, 97]]}, 'NODE_67_length_41510_cov_50.047497_29': {'PF00253.16': [[46, 100]]}, 'NODE_13_length_202932_cov_50.659902_67': {'PF04023.9': [[4, 71]]}, 'NODE_67_length_41510_cov_50.047497_2': {'PF07369.6': [[4, 84]]}, 'NODE_46_length_72983_cov_46.494227_30': {'TIGR00486': [[1, 246]]}, 'NODE_4_length_361575_cov_49.709197_264': {'PF06835.8': [[9, 183]]}, 'NODE_23_length_147396_cov_49.445640_89': {'PF12137.3': [[604, 966]]}, 'NODE_31_length_112489_cov_41.627426_23': {'PF06942.7': [[5, 111]]}, 'NODE_32_length_111324_cov_46.582660_23': {'PF05127.9': [[197, 337]], 'PF13718.1': [[368, 533]]}, 'NODE_29_length_121436_cov_43.135375_68': {'PF03775.11': [[125, 230]], 'PF05209.8': [[1, 104]]}, 'NODE_54_length_60494_cov_51.148679_26': {'TIGR00974': [[28, 293]]}, 'NODE_28_length_122184_cov_50.593364_30': {'TIGR01510': [[4, 157]]}, 'NODE_38_length_98517_cov_50.200240_70': {'PF04186.8': [[6, 118]]}, 'NODE_32_length_111324_cov_46.582660_25': {'PF01259.13': [[4, 234]]}, 'NODE_3_length_401717_cov_46.827260_15': {'PF04390.7': [[10, 159]]}, 'NODE_2_length_403395_cov_45.560559_342': {'PF02685.11': [[6, 315]]}, 'NODE_32_length_111324_cov_46.582660_20': {'TIGR01246': [[6, 373]]}, 'NODE_103_length_12767_cov_50.957284_6': {'PF04216.7': [[19, 304]]}, 'NODE_3_length_401717_cov_46.827260_177': {'PF06689.8': [[13, 51]]}, 'NODE_27_length_131964_cov_43.078228_31': {'PF00697.17': [[257, 447]], 'PF00218.16': [[5, 251]]}, 'NODE_46_length_72983_cov_46.494227_27': {'PF03746.11': [[2, 237]]}, 'NODE_38_length_98517_cov_50.200240_87': {'TIGR00462': [[17, 320]]}, 'NODE_23_length_147396_cov_49.445640_90': {'PF00136.16': [[400, 771]], 'PF03104.14': [[74, 296]]}, 'NODE_74_length_36739_cov_46.702786_7': {'PF12843.2': [[1, 68]]}, 'NODE_23_length_147396_cov_49.445640_118': {'PF10555.4': [[68, 80]], 'TIGR00445': [[37, 360]]}, 'NODE_3_length_401717_cov_46.827260_23': {'PF03330.13': [[79, 166]]}, 'NODE_21_length_152504_cov_45.257627_101': {'PF03706.8': [[24, 296]]}, 'NODE_42_length_84482_cov_49.547041_33': {'TIGR00595': [[221, 730]]}, 'NODE_33_length_107463_cov_48.629218_30': {'PF11944.3': [[1, 125]]}, 'NODE_2_length_403395_cov_45.560559_250': {'PF10589.4': [[336, 381]]}, 'NODE_30_length_113405_cov_50.408937_62': {'PF01678.14': [[3, 123]]}, 'NODE_4_length_361575_cov_49.709197_305': {'TIGR03426': [[9, 154]], 'PF04093.7': [[5, 155]]}, 'NODE_13_length_202932_cov_50.659902_82': {'PF12122.3': [[1, 99]]}, 'NODE_13_length_202932_cov_50.659902_6': {'TIGR03010': [[3, 119]]}, 'NODE_15_length_185841_cov_48.828717_23': {'PF04452.9': [[20, 237]]}, 'NODE_15_length_185841_cov_48.828717_24': {'PF04231.8': [[39, 230]]}, 'NODE_67_length_41510_cov_50.047497_9': {'TIGR00460': [[5, 312]]}, 'NODE_4_length_361575_cov_49.709197_241': {'TIGR01455': [[7, 443]]}, 'NODE_30_length_113405_cov_50.408937_66': {'PF01491.11': [[1, 105]]}, 'NODE_33_length_107463_cov_48.629218_49': {'TIGR03838': [[16, 281]]}, 'NODE_15_length_185841_cov_48.828717_47': {'PF00162.14': [[6, 373]]}, 'NODE_2_length_403395_cov_45.560559_280': {'PF02674.11': [[4, 141]]}, 'NODE_3_length_401717_cov_46.827260_25': {'PF04359.9': [[6, 87]]}, 'NODE_32_length_111324_cov_46.582660_78': {'TIGR00902': [[1, 379]]}, 'NODE_41_length_91411_cov_43.396340_70': {'PF11898.3': [[712, 1298]], 'PF07717.11': [[600, 699]]}, 'NODE_32_length_111324_cov_46.582660_29': {'PF13740.1': [[7, 82]]}, 'NODE_127_length_4836_cov_49.740222_3': {'PF10928.3': [[66, 118]]}, 'NODE_30_length_113405_cov_50.408937_101': {'PF04219.7': [[10, 99]]}, 'NODE_36_length_101476_cov_44.351564_7': {'PF08328.6': [[331, 445]]}, 'NODE_33_length_107463_cov_48.629218_94': {'PF01121.15': [[3, 177]]}, 'NODE_31_length_112489_cov_41.627426_27': {'PF01262.16': [[147, 311]], 'PF05222.10': [[4, 137]], 'PF12769.2': [[427, 509]]}, 'NODE_37_length_98540_cov_48.278997_53': {'PF01135.14': [[5, 206]]}, 'NODE_32_length_111324_cov_46.582660_47': {'TIGR01302': [[8, 454]]}, 'NODE_71_length_38542_cov_46.252605_13': {'TIGR00436': [[9, 280]]}, 'NODE_67_length_41510_cov_50.047497_20': {'PF00416.17': [[3, 108]]}, 'NODE_4_length_361575_cov_49.709197_233': {'PF01509.13': [[33, 180]], 'PF09157.6': [[252, 309]]}, 'NODE_13_length_202932_cov_50.659902_134': {'PF10694.4': [[5, 115]]}, 'NODE_21_length_152504_cov_45.257627_98': {'PF11076.3': [[1, 132]]}, 'NODE_30_length_113405_cov_50.408937_11': {'PF00902.13': [[11, 221]]}, 'NODE_82_length_29880_cov_52.150210_3': {'TIGR00922': [[9, 180]]}, 'NODE_13_length_202932_cov_50.659902_66': {'PF09371.5': [[10, 201]]}, 'NODE_37_length_98540_cov_48.278997_41': {'PF00488.16': [[567, 798]], 'PF05190.13': [[428, 517]], 'PF05192.13': [[271, 560]], 'PF05188.12': [[131, 256]], 'PF01624.15': [[11, 122]]}, 'NODE_66_length_42772_cov_49.814219_29': {'TIGR00670': [[8, 305]]}, 'NODE_1_length_448410_cov_43.210057_353': {'PF02912.13': [[17, 88]], 'PF01409.15': [[92, 326]]}, 'NODE_4_length_361575_cov_49.709197_178': {'PF13997.1': [[14, 86]]}, 'NODE_3_length_401717_cov_46.827260_174': {'PF13145.1': [[247, 369]], 'PF13624.1': [[1, 165]]}, 'NODE_42_length_84482_cov_49.547041_18': {'PF07305.7': [[1, 199]]}, 'NODE_2_length_403395_cov_45.560559_279': {'TIGR01134': [[2, 466]]}, 'NODE_4_length_361575_cov_49.709197_263': {'TIGR01670': [[26, 178]]}, 'NODE_54_length_60494_cov_51.148679_36': {'PF00430.13': [[6, 137]]}, 'NODE_30_length_113405_cov_50.408937_14': {'PF03109.11': [[115, 232]]}, 'NODE_28_length_122184_cov_50.593364_19': {'TIGR02193': [[2, 318]]}, 'NODE_2_length_403395_cov_45.560559_232': {'TIGR01929': [[22, 281]]}, 'NODE_15_length_185841_cov_48.828717_17': {'PF02325.12': [[8, 80]]}, 'NODE_13_length_202932_cov_50.659902_165': {'PF04445.8': [[30, 261]]}, 'NODE_3_length_401717_cov_46.827260_227': {'PF02639.9': [[17, 143]]}, 'NODE_30_length_113405_cov_50.408937_76': {'PF06899.6': [[1, 449]]}, 'NODE_27_length_131964_cov_43.078228_1': {'TIGR00655': [[8, 280]]}, 'NODE_1_length_448410_cov_43.210057_235': {'PF10709.4': [[26, 113]]}, 'NODE_4_length_361575_cov_49.709197_311': {'TIGR00514': [[1, 447]]}, 'NODE_4_length_361575_cov_49.709197_214': {'TIGR00096': [[14, 283]]}, 'NODE_78_length_35073_cov_42.660175_11': {'PF00475.13': [[196, 338]]}, 'NODE_42_length_84482_cov_49.547041_28': {'TIGR00751': [[17, 300]]}, 'NODE_4_length_361575_cov_49.709197_292': {'TIGR02038': [[2, 352]]}, 'NODE_37_length_98540_cov_48.278997_2': {'PF02599.11': [[1, 54]]}, 'NODE_4_length_361575_cov_49.709197_147': {'PF03979.9': [[2, 80]], 'TIGR02393': [[375, 611]], 'PF04546.8': [[137, 348]]}, 'NODE_4_length_361575_cov_49.709197_110': {'PF06853.7': [[21, 136]]}, 'NODE_4_length_361575_cov_49.709197_307': {'PF06723.8': [[11, 338]]}, 'NODE_33_length_107463_cov_48.629218_12': {'PF02684.10': [[9, 377]]}, 'NODE_32_length_111324_cov_46.582660_70': {'TIGR02011': [[3, 107]]}, 'NODE_33_length_107463_cov_48.629218_28': {'TIGR01693': [[51, 884]]}, 'NODE_33_length_107463_cov_48.629218_96': {'PF03884.9': [[6, 62]]}, 'NODE_15_length_185841_cov_48.828717_56': {'PF06026.9': [[49, 215]]}, 'NODE_54_length_60494_cov_51.148679_37': {'PF00137.16': [[9, 77]]}, 'NODE_21_length_152504_cov_45.257627_133': {'PF10509.4': [[9, 59]]}, 'NODE_2_length_403395_cov_45.560559_246': {'PF00499.15': [[13, 156]]}, 'NODE_32_length_111324_cov_46.582660_58': {'PF13464.1': [[253, 327]], 'PF13413.1': [[18, 79]]}, 'NODE_21_length_152504_cov_45.257627_105': {'TIGR01682': [[2, 81]]}, 'NODE_25_length_142750_cov_45.278426_81': {'TIGR01514': [[8, 394]]}, 'NODE_23_length_147396_cov_49.445640_86': {'PF04453.9': [[309, 697]]}, 'NODE_33_length_107463_cov_48.629218_89': {'TIGR00078': [[27, 296]]}, 'NODE_74_length_36739_cov_46.702786_27': {'PF11143.3': [[6, 148]]}, 'NODE_2_length_403395_cov_45.560559_182': {'TIGR01194': [[2, 527]]}, 'NODE_3_length_401717_cov_46.827260_144': {'PF02132.10': [[39, 78]]}, 'NODE_4_length_361575_cov_49.709197_152': {'TIGR03372': [[1, 419]]}, 'NODE_15_length_185841_cov_48.828717_27': {'PF00438.15': [[3, 101]], 'PF02772.11': [[114, 231]], 'PF02773.11': [[233, 370]]}, 'NODE_71_length_38542_cov_46.252605_19': {'PF03872.8': [[1, 89]], 'PF03873.8': [[131, 186]]}, 'NODE_43_length_84018_cov_50.477818_35': {'PF04345.8': [[16, 165]]}, 'NODE_4_length_361575_cov_49.709197_107': {'TIGR01055': [[2, 625]]}, 'NODE_33_length_107463_cov_48.629218_22': {'PF08436.7': [[146, 239]], 'PF13288.1': [[271, 389]], 'PF02670.11': [[4, 132]]}, 'NODE_1_length_448410_cov_43.210057_352': {'PF00453.13': [[2, 109]]}, 'NODE_21_length_152504_cov_45.257627_8': {'TIGR02639': [[3, 734]]}, 'NODE_15_length_185841_cov_48.828717_46': {'TIGR01532': [[4, 328]]}, 'NODE_29_length_121436_cov_43.135375_100': {'PF10762.4': [[1, 89]]}, 'NODE_3_length_401717_cov_46.827260_44': {'PF00445.13': [[34, 238]]}, 'NODE_28_length_122184_cov_50.593364_8': {'PF02556.9': [[1, 145]]}, 'NODE_28_length_122184_cov_50.593364_38': {'TIGR00336': [[10, 187]]}, 'NODE_13_length_202932_cov_50.659902_5': {'PF04077.7': [[7, 93]]}, 'NODE_76_length_35369_cov_51.597072_9': {'PF12221.3': [[1, 60]], 'TIGR01933': [[97, 356]]}, 'NODE_67_length_41510_cov_50.047497_26': {'PF00861.17': [[2, 117]]}, 'NODE_13_length_202932_cov_50.659902_65': {'TIGR01461': [[2, 157]]}, 'NODE_3_length_401717_cov_46.827260_142': {'PF00406.17': [[5, 186]], 'PF05191.9': [[123, 158]]}, 'NODE_77_length_35275_cov_49.386968_16': {'PF03951.14': [[14, 95]]}, 'NODE_4_length_361575_cov_49.709197_232': {'PF00312.17': [[7, 88]]}, 'NODE_23_length_147396_cov_49.445640_38': {'PF03883.9': [[1, 245]]}, 'NODE_82_length_29880_cov_52.150210_5': {'PF00687.16': [[28, 220]]}, 'NODE_56_length_57868_cov_46.242852_44': {'PF07972.6': [[5, 123]]}, 'NODE_13_length_202932_cov_50.659902_138': {'PF02592.10': [[43, 186]]}, 'NODE_139_length_2807_cov_47.146802_3': {'TIGR00464': [[2, 463]]}, 'NODE_31_length_112489_cov_41.627426_17': {'PF01238.16': [[1, 356]]}, 'NODE_82_length_29880_cov_52.150210_14': {'PF02581.12': [[17, 189]]}, 'NODE_66_length_42772_cov_49.814219_35': {'TIGR02403': [[7, 548]]}, 'NODE_4_length_361575_cov_49.709197_243': {'PF06480.10': [[8, 96]], 'PF01434.13': [[385, 594]]}, 'NODE_23_length_147396_cov_49.445640_100': {'TIGR01253': [[8, 525]]}, 'NODE_3_length_401717_cov_46.827260_211': {'PF04336.7': [[81, 186]]}, 'NODE_43_length_84018_cov_50.477818_39': {'TIGR00498': [[1, 199]]}, 'NODE_54_length_60494_cov_51.148679_24': {'PF01895.14': [[128, 212]]}, 'NODE_37_length_98540_cov_48.278997_58': {'PF04977.10': [[11, 89]]}, 'NODE_78_length_35073_cov_42.660175_18': {'PF00393.14': [[179, 466]]}, 'NODE_33_length_107463_cov_48.629218_46': {'TIGR02258': [[6, 174]]}, 'NODE_25_length_142750_cov_45.278426_117': {'PF12002.3': [[268, 435]]}, 'NODE_4_length_361575_cov_49.709197_130': {'TIGR02198': [[5, 312]], 'TIGR02199': [[332, 472]]}, 'NODE_2_length_403395_cov_45.560559_113': {'TIGR00587': [[2, 276]]}, 'NODE_37_length_98540_cov_48.278997_95': {'PF04287.7': [[5, 104]]}, 'NODE_1_length_448410_cov_43.210057_141': {'PF06185.7': [[6, 185]]}, 'NODE_28_length_122184_cov_50.593364_11': {'PF06415.8': [[85, 308]]}, 'NODE_28_length_122184_cov_50.593364_45': {'PF01192.17': [[7, 62]]}, 'NODE_74_length_36739_cov_46.702786_18': {'TIGR00968': [[3, 243]], 'PF12857.2': [[288, 339]]}, 'NODE_36_length_101476_cov_44.351564_68': {'PF03023.9': [[28, 478]]}, 'NODE_31_length_112489_cov_41.627426_2': {'PF04060.8': [[43, 77]]}, 'NODE_23_length_147396_cov_49.445640_58': {'PF02401.13': [[3, 284]]}, 'NODE_13_length_202932_cov_50.659902_128': {'TIGR02392': [[14, 283]]}, 'NODE_42_length_84482_cov_49.547041_62': {'TIGR00838': [[3, 456]]}, 'NODE_46_length_72983_cov_46.494227_43': {'PF03925.8': [[1, 181]]}, 'NODE_27_length_131964_cov_43.078228_73': {'PF06667.7': [[1, 73]]}, 'NODE_67_length_41510_cov_50.047497_37': {'PF00237.14': [[5, 108]]}, 'NODE_67_length_41510_cov_50.047497_32': {'PF00238.14': [[1, 123]]}, 'NODE_27_length_131964_cov_43.078228_41': {'PF10692.4': [[3, 83]]}, 'NODE_13_length_202932_cov_50.659902_3': {'PF00177.16': [[1, 149]]}, 'NODE_67_length_41510_cov_50.047497_10': {'TIGR00563': [[8, 429]]}, 'NODE_23_length_147396_cov_49.445640_35': {'TIGR00191': [[2, 309]]}, 'NODE_33_length_107463_cov_48.629218_23': {'PF01765.14': [[19, 183]]}, 'NODE_27_length_131964_cov_43.078228_122': {'PF13617.1': [[2, 60]]}, 'NODE_82_length_29880_cov_52.150210_4': {'PF00298.14': [[72, 140]], 'PF03946.9': [[8, 67]]}, 'NODE_76_length_35369_cov_51.597072_8': {'PF13167.1': [[25, 112]]}, 'NODE_2_length_403395_cov_45.560559_243': {'TIGR01972': [[3, 499]]}, 'NODE_32_length_111324_cov_46.582660_54': {'TIGR03300': [[8, 390]]}, 'NODE_43_length_84018_cov_50.477818_38': {'PF01219.14': [[16, 118]]}, 'NODE_4_length_361575_cov_49.709197_240': {'PF03840.9': [[3, 75]]}, 'NODE_3_length_401717_cov_46.827260_187': {'TIGR01473': [[4, 282]]}, 'NODE_4_length_361575_cov_49.709197_72': {'TIGR02797': [[11, 222]]}, 'NODE_23_length_147396_cov_49.445640_121': {'PF03033.15': [[9, 145]], 'PF04101.11': [[185, 344]]}, 'NODE_2_length_403395_cov_45.560559_264': {'PF07085.7': [[234, 345]]}, 'NODE_68_length_41451_cov_49.358537_1': {'TIGR02491': [[2, 153]]}, 'NODE_25_length_142750_cov_45.278426_74': {'TIGR01036': [[3, 336]]}, 'NODE_36_length_101476_cov_44.351564_9': {'PF08918.5': [[10, 190]]}, 'NODE_37_length_98540_cov_48.278997_3': {'TIGR00344': [[7, 854]]}, 'NODE_3_length_401717_cov_46.827260_224': {'PF07302.6': [[5, 224]]}, 'NODE_1_length_448410_cov_43.210057_435': {'TIGR01947': [[9, 192]]}, 'NODE_42_length_84482_cov_49.547041_58': {'PF00311.12': [[129, 883]]}, 'NODE_27_length_131964_cov_43.078228_75': {'PF09584.5': [[10, 71]]}, 'NODE_23_length_147396_cov_49.445640_54': {'PF06574.7': [[13, 168]], 'PF01687.12': [[184, 307]]}, 'NODE_25_length_142750_cov_45.278426_63': {'PF06303.7': [[1, 147]]}, 'NODE_13_length_202932_cov_50.659902_96': {'PF08323.6': [[2, 233]]}, 'NODE_33_length_107463_cov_48.629218_24': {'TIGR02075': [[9, 240]]}, 'NODE_46_length_72983_cov_46.494227_20': {'TIGR02968': [[10, 113]]}, 'NODE_2_length_403395_cov_45.560559_125': {'TIGR02178': [[3, 189]]}, 'NODE_15_length_185841_cov_48.828717_18': {'TIGR00044': [[1, 229]]}, 'NODE_21_length_152504_cov_45.257627_63': {'PF03454.10': [[332, 404]], 'PF03453.12': [[7, 168]]}, 'NODE_76_length_35369_cov_51.597072_5': {'PF01119.14': [[213, 330]], 'PF08676.6': [[435, 563]]}, 'NODE_56_length_57868_cov_46.242852_26': {'PF01668.13': [[13, 78]]}, 'NODE_2_length_403395_cov_45.560559_293': {'PF04315.7': [[13, 176]]}, 'NODE_1_length_448410_cov_43.210057_346': {'PF04338.7': [[48, 251]]}, 'NODE_2_length_403395_cov_45.560559_107': {'TIGR00063': [[40, 220]]}, 'NODE_15_length_185841_cov_48.828717_62': {'TIGR01984': [[3, 388]]}, 'NODE_21_length_152504_cov_45.257627_72': {'PF02742.10': [[95, 150]], 'PF01325.14': [[38, 92]]}, 'NODE_30_length_113405_cov_50.408937_86': {'TIGR02380': [[8, 351]]}, 'NODE_3_length_401717_cov_46.827260_333': {'TIGR00441': [[35, 187]]}, 'NODE_30_length_113405_cov_50.408937_3': {'PF01205.14': [[17, 125]], 'PF09186.6': [[141, 195]]}, 'NODE_29_length_121436_cov_43.135375_103': {'TIGR00154': [[1, 282]]}, 'NODE_71_length_38542_cov_46.252605_7': {'TIGR01545': [[2, 211]]}, 'NODE_36_length_101476_cov_44.351564_32': {'TIGR02721': [[26, 270]]}, 'NODE_2_length_403395_cov_45.560559_311': {'PF04333.8': [[25, 225]]}, 'NODE_67_length_41510_cov_50.047497_24': {'PF00327.15': [[4, 54]]}, 'NODE_36_length_101476_cov_44.351564_46': {'TIGR00128': [[3, 291]]}, 'NODE_37_length_98540_cov_48.278997_32': {'PF11046.3': [[1, 148]]}, 'NODE_74_length_36739_cov_46.702786_8': {'PF12826.2': [[510, 573]], 'PF03119.11': [[407, 434]]}, 'NODE_4_length_361575_cov_49.709197_259': {'PF02405.11': [[44, 257]]}, 'NODE_28_length_122184_cov_50.593364_44': {'PF00625.16': [[4, 186]]}, 'NODE_23_length_147396_cov_49.445640_85': {'PF13145.1': [[194, 275]], 'PF09312.6': [[25, 142]]}, 'NODE_43_length_84018_cov_50.477818_41': {'PF05532.7': [[4, 56]]}, 'NODE_21_length_152504_cov_45.257627_6': {'PF03588.9': [[35, 204]]}, 'NODE_3_length_401717_cov_46.827260_179': {'PF05697.8': [[1, 145]], 'PF05698.9': [[262, 412]]}, 'NODE_4_length_361575_cov_49.709197_254': {'TIGR01072': [[1, 415]]}, 'NODE_67_length_41510_cov_50.047497_42': {'PF00297.17': [[8, 204]]}, 'NODE_2_length_403395_cov_45.560559_112': {'PF03601.9': [[18, 326]]}, 'NODE_71_length_38542_cov_46.252605_12': {'PF02565.10': [[82, 226]], 'PF11967.3': [[4, 76]]}, 'NODE_23_length_147396_cov_49.445640_129': {'PF07517.9': [[7, 401]], 'PF07516.8': [[617, 830]], 'PF01043.15': [[229, 358]]}, 'NODE_42_length_84482_cov_49.547041_1': {'PF06134.6': [[3, 418]]}, 'NODE_28_length_122184_cov_50.593364_16': {'TIGR01822': [[5, 397]]}, 'NODE_77_length_35275_cov_49.386968_12': {'TIGR00538': [[6, 457]]}, 'NODE_15_length_185841_cov_48.828717_131': {'TIGR01447': [[9, 602]]}, 'NODE_3_length_401717_cov_46.827260_93': {'PF13275.1': [[9, 69]]}, 'NODE_1_length_448410_cov_43.210057_108': {'PF10769.4': [[1, 74]]}, 'NODE_32_length_111324_cov_46.582660_88': {'PF00042.17': [[7, 103]]}, 'NODE_21_length_152504_cov_45.257627_14': {'PF11398.3': [[1, 375]]}, 'NODE_68_length_41451_cov_49.358537_14': {'PF04357.8': [[922, 1259]]}, 'NODE_38_length_98517_cov_50.200240_37': {'PF03831.9': [[43, 97]]}, 'NODE_15_length_185841_cov_48.828717_66': {'PF02347.11': [[16, 440]]}, 'NODE_76_length_35369_cov_51.597072_2': {'PF01256.12': [[253, 491]], 'PF03853.10': [[35, 194]]}, 'NODE_25_length_142750_cov_45.278426_98': {'TIGR02203': [[12, 581]]}, 'NODE_33_length_107463_cov_48.629218_45': {'PF08482.5': [[664, 796]]}, 'NODE_56_length_57868_cov_46.242852_60': {'PF04262.9': [[7, 381]]}, 'NODE_21_length_152504_cov_45.257627_37': {'PF10722.4': [[9, 132]]}, 'NODE_77_length_35275_cov_49.386968_11': {'PF04220.7': [[5, 165]]}, 'NODE_21_length_152504_cov_45.257627_104': {'PF02391.12': [[6, 121]]}, 'NODE_21_length_152504_cov_45.257627_7': {'PF01176.14': [[5, 70]]}, 'NODE_4_length_361575_cov_49.709197_235': {'PF08364.6': [[55, 95]], 'PF04760.10': [[314, 364]], 'PF11987.3': [[673, 780]]}, 'NODE_25_length_142750_cov_45.278426_50': {'PF04358.8': [[3, 109]]}, 'NODE_36_length_101476_cov_44.351564_48': {'PF02504.10': [[1, 321]]}, 'NODE_39_length_95726_cov_51.172341_35': {'PF02091.10': [[9, 298]]}, 'NODE_1_length_448410_cov_43.210057_364': {'PF03618.9': [[9, 267]]}, 'NODE_32_length_111324_cov_46.582660_39': {'PF02503.12': [[118, 321]], 'PF13089.1': [[6, 111]], 'PF13090.1': [[333, 681]]}, 'NODE_54_length_60494_cov_51.148679_46': {'PF12592.3': [[444, 498]]}, 'NODE_23_length_147396_cov_49.445640_22': {'TIGR03719': [[2, 553]]}, 'NODE_78_length_35073_cov_42.660175_12': {'TIGR01855': [[3, 196]]}, 'NODE_67_length_41510_cov_50.047497_36': {'PF00189.15': [[119, 202]]}, 'NODE_54_length_60494_cov_51.148679_35': {'PF00213.13': [[7, 174]]}, 'NODE_2_length_403395_cov_45.560559_201': {'TIGR01063': [[8, 840]]}, 'NODE_25_length_142750_cov_45.278426_71': {'PF01170.13': [[162, 375]]}, 'NODE_3_length_401717_cov_46.827260_321': {'PF06500.6': [[1, 414]]}, 'NODE_25_length_142750_cov_45.278426_90': {'PF03882.9': [[1, 440]]}, 'NODE_23_length_147396_cov_49.445640_55': {'TIGR00392': [[15, 843]]}, 'NODE_27_length_131964_cov_43.078228_25': {'PF06790.6': [[1, 246]]}, 'NODE_111_length_10315_cov_49.433723_3': {'TIGR01950': [[12, 152]]}, 'NODE_30_length_113405_cov_50.408937_97': {'TIGR01122': [[10, 307]]}, 'NODE_13_length_202932_cov_50.659902_97': {'TIGR02091': [[21, 397]]}, 'NODE_1_length_448410_cov_43.210057_227': {'PF04391.7': [[31, 210]]}, 'NODE_25_length_142750_cov_45.278426_105': {'TIGR01364': [[4, 361]]}, 'NODE_37_length_98540_cov_48.278997_7': {'PF13406.1': [[92, 388]]}, 'NODE_15_length_185841_cov_48.828717_122': {'PF01790.13': [[11, 281]]}, 'NODE_33_length_107463_cov_48.629218_95': {'PF07072.6': [[19, 225]]}, 'NODE_2_length_403395_cov_45.560559_233': {'TIGR03695': [[15, 250]]}, 'NODE_74_length_36739_cov_46.702786_9': {'PF04354.8': [[196, 322]]}, 'NODE_4_length_361575_cov_49.709197_234': {'PF02033.13': [[7, 112]]}, 'NODE_2_length_403395_cov_45.560559_285': {'PF01416.15': [[152, 253]]}, 'NODE_28_length_122184_cov_50.593364_9': {'TIGR02181': [[4, 82]]}, 'NODE_27_length_131964_cov_43.078228_32': {'TIGR01245': [[204, 528]]}, 'NODE_30_length_113405_cov_50.408937_5': {'TIGR02437': [[1, 714]]}, 'NODE_21_length_152504_cov_45.257627_16': {'PF03956.8': [[112, 298]]}, 'NODE_3_length_401717_cov_46.827260_99': {'PF00731.15': [[9, 159]]}, 'NODE_3_length_401717_cov_46.827260_6': {'TIGR00546': [[63, 458]]}, 'NODE_67_length_41510_cov_50.047497_23': {'PF00828.14': [[27, 143]]}, 'NODE_15_length_185841_cov_48.828717_76': {'TIGR00644': [[24, 573]]}, 'NODE_23_length_147396_cov_49.445640_119': {'TIGR01087': [[8, 435]]}, 'NODE_3_length_401717_cov_46.827260_92': {'PF02882.14': [[124, 279]], 'PF00763.18': [[4, 121]]}, 'NODE_23_length_147396_cov_49.445640_1': {'PF08468.6': [[8, 162]]}, 'NODE_23_length_147396_cov_49.445640_82': {'PF04379.9': [[17, 104]]}, 'NODE_3_length_401717_cov_46.827260_162': {'PF09619.5': [[41, 152]]}, 'NODE_3_length_401717_cov_46.827260_158': {'PF10777.4': [[1, 154]]}, 'NODE_13_length_202932_cov_50.659902_58': {'PF01430.14': [[4, 273]]}, 'NODE_23_length_147396_cov_49.445640_114': {'PF04999.8': [[26, 119]], 'TIGR02209': [[36, 118]]}, 'NODE_1_length_448410_cov_43.210057_206': {'PF02938.9': [[307, 406]]}, 'NODE_37_length_98540_cov_48.278997_65': {'TIGR00434': [[33, 243]], 'TIGR02057': [[21, 242]]}, 'NODE_2_length_403395_cov_45.560559_202': {'TIGR01983': [[16, 234]]}, 'NODE_37_length_98540_cov_48.278997_67': {'PF00667.15': [[230, 424]]}, 'NODE_2_length_403395_cov_45.560559_97': {'PF08211.6': [[157, 278]]}, 'NODE_56_length_57868_cov_46.242852_6': {'PF00800.13': [[106, 286]]}, 'NODE_23_length_147396_cov_49.445640_51': {'PF06965.7': [[5, 380]]}, 'NODE_38_length_98517_cov_50.200240_90': {'PF02666.10': [[63, 281]]}, 'NODE_54_length_60494_cov_51.148679_47': {'PF02705.11': [[14, 544]]}, 'NODE_13_length_202932_cov_50.659902_7': {'TIGR03012': [[2, 128]]}, 'NODE_21_length_152504_cov_45.257627_4': {'TIGR02857': [[21, 556]]}, 'NODE_1_length_448410_cov_43.210057_209': {'PF02075.12': [[4, 150]]}, 'NODE_37_length_98540_cov_48.278997_86': {'PF03819.12': [[27, 100]]}, 'NODE_1_length_448410_cov_43.210057_290': {'PF07023.7': [[4, 82]]}, 'NODE_4_length_361575_cov_49.709197_125': {'PF00926.14': [[16, 209]]}, 'NODE_33_length_107463_cov_48.629218_47': {'PF03749.8': [[13, 228]]}, 'NODE_78_length_35073_cov_42.660175_14': {'TIGR00735': [[1, 256]]}, 'NODE_2_length_403395_cov_45.560559_292': {'PF08891.6': [[2, 88]]}, 'NODE_4_length_361575_cov_49.709197_238': {'PF00764.14': [[16, 408]]}, 'NODE_23_length_147396_cov_49.445640_117': {'TIGR01143': [[29, 446]]}, 'NODE_23_length_147396_cov_49.445640_113': {'PF01795.14': [[5, 310]]}, 'NODE_33_length_107463_cov_48.629218_60': {'PF02569.10': [[1, 280]]}, 'NODE_3_length_401717_cov_46.827260_20': {'PF02590.12': [[1, 153]]}, 'NODE_13_length_202932_cov_50.659902_131': {'TIGR00064': [[223, 494]]}, 'NODE_76_length_35369_cov_51.597072_7': {'PF01423.17': [[16, 64]]}, 'NODE_54_length_60494_cov_51.148679_34': {'TIGR00962': [[2, 512]]}, 'NODE_21_length_152504_cov_45.257627_126': {'TIGR02141': [[12, 221]]}, 'NODE_27_length_131964_cov_43.078228_40': {'PF08496.5': [[1, 158]]}, 'NODE_54_length_60494_cov_51.148679_3': {'PF00712.14': [[1, 120]], 'PF02767.11': [[129, 243]], 'PF02768.10': [[245, 365]]}, 'NODE_1_length_448410_cov_43.210057_329': {'TIGR00552': [[16, 275]]}, 'NODE_76_length_35369_cov_51.597072_35': {'PF01250.12': [[2, 91]]}, 'NODE_23_length_147396_cov_49.445640_127': {'PF03331.8': [[2, 280]]}, 'NODE_3_length_401717_cov_46.827260_97': {'TIGR01854': [[3, 232]]}, 'NODE_2_length_403395_cov_45.560559_252': {'TIGR01961': [[49, 176]], 'TIGR01962': [[215, 600]]}, 'NODE_56_length_57868_cov_46.242852_59': {'PF02664.10': [[3, 161]]}, 'NODE_3_length_401717_cov_46.827260_206': {'TIGR00966': [[45, 292]]}, 'NODE_78_length_35073_cov_42.660175_8': {'PF08029.6': [[222, 297]], 'PF01634.13': [[53, 221]]}, 'NODE_31_length_112489_cov_41.627426_7': {'TIGR01430': [[6, 330]]}, 'NODE_67_length_41510_cov_50.047497_34': {'PF00831.18': [[3, 60]]}, 'NODE_33_length_107463_cov_48.629218_26': {'PF00318.15': [[9, 225]]}, 'NODE_3_length_401717_cov_46.827260_317': {'TIGR00407': [[9, 406]]}, 'NODE_15_length_185841_cov_48.828717_10': {'PF04320.9': [[7, 107]]}, 'NODE_82_length_29880_cov_52.150210_16': {'PF04353.8': [[1, 148]]}, 'NODE_30_length_113405_cov_50.408937_50': {'PF02253.10': [[39, 286]]}, 'NODE_1_length_448410_cov_43.210057_211': {'PF01330.16': [[1, 62]], 'PF07499.8': [[158, 201]]}, 'NODE_21_length_152504_cov_45.257627_110': {'PF12344.3': [[552, 594]]}, 'NODE_2_length_403395_cov_45.560559_238': {'TIGR02649': [[2, 304]], 'TIGR02651': [[2, 304]]}, 'NODE_1_length_448410_cov_43.210057_266': {'TIGR03725': [[3, 219]]}, 'NODE_21_length_152504_cov_45.257627_108': {'PF06463.8': [[186, 312]]}, 'NODE_46_length_72983_cov_46.494227_42': {'TIGR01132': [[1, 544]]}, 'NODE_30_length_113405_cov_50.408937_49': {'PF09382.5': [[413, 514]]}, 'NODE_4_length_361575_cov_49.709197_321': {'TIGR02119': [[4, 471]]}, 'NODE_33_length_107463_cov_48.629218_18': {'PF02163.17': [[11, 446]]}, 'NODE_1_length_448410_cov_43.210057_414': {'TIGR01298': [[10, 208]]}, 'NODE_46_length_72983_cov_46.494227_19': {'TIGR01816': [[6, 588]]}, 'NODE_32_length_111324_cov_46.582660_56': {'PF13393.1': [[10, 312]]}, 'NODE_23_length_147396_cov_49.445640_106': {'TIGR00169': [[6, 354]]}, 'NODE_71_length_38542_cov_46.252605_17': {'PF04246.7': [[8, 141]]}, 'NODE_1_length_448410_cov_43.210057_428': {'PF10590.4': [[178, 218]]}, 'NODE_3_length_401717_cov_46.827260_176': {'TIGR00763': [[12, 771]]}, 'NODE_46_length_72983_cov_46.494227_1': {'TIGR02795': [[144, 260]], 'PF13174.1': [[218, 250]]}, 'NODE_21_length_152504_cov_45.257627_112': {'TIGR02072': [[12, 249]]}, 'NODE_28_length_122184_cov_50.593364_32': {'PF00471.15': [[6, 53]]}, 'NODE_25_length_142750_cov_45.278426_100': {'TIGR00988': [[1, 93]]}, 'NODE_3_length_401717_cov_46.827260_118': {'TIGR03167': [[17, 349]]}, 'NODE_30_length_113405_cov_50.408937_1': {'PF12724.2': [[4, 152]]}, 'NODE_23_length_147396_cov_49.445640_17': {'TIGR00545': [[1, 329]]}, 'NODE_36_length_101476_cov_44.351564_2': {'TIGR00183': [[1, 416]]}, 'NODE_15_length_185841_cov_48.828717_29': {'TIGR01273': [[31, 656]]}, 'NODE_36_length_101476_cov_44.351564_34': {'PF07233.7': [[26, 116]]}, 'NODE_15_length_185841_cov_48.828717_132': {'TIGR01890': [[9, 442]]}, 'NODE_71_length_38542_cov_46.252605_30': {'PF03942.10': [[27, 216]]}, 'NODE_130_length_4253_cov_49.984516_1': {'PF02873.11': [[203, 330]]}, 'NODE_33_length_107463_cov_48.629218_59': {'PF02548.10': [[3, 260]]}, 'NODE_30_length_113405_cov_50.408937_60': {'TIGR02224': [[9, 296]]}, 'NODE_3_length_401717_cov_46.827260_181': {'PF03923.8': [[29, 188]]}, 'NODE_4_length_361575_cov_49.709197_288': {'PF00572.13': [[15, 141]]}, 'NODE_71_length_38542_cov_46.252605_18': {'PF03888.9': [[31, 314]]}, 'NODE_29_length_121436_cov_43.135375_79': {'PF04293.8': [[18, 453]]}, 'NODE_76_length_35369_cov_51.597072_3': {'PF02367.12': [[14, 134]]}, 'NODE_23_length_147396_cov_49.445640_61': {'PF05173.9': [[132, 268]], 'PF01113.15': [[6, 129]]}, 'NODE_29_length_121436_cov_43.135375_112': {'TIGR00846': [[1, 365]], 'TIGR00378': [[38, 364]]}, 'NODE_1_length_448410_cov_43.210057_140': {'PF03485.11': [[7, 87]], 'PF00750.14': [[95, 446]]}, 'NODE_91_length_22879_cov_47.154881_7': {'PF04241.10': [[19, 107]]}, 'NODE_1_length_448410_cov_43.210057_415': {'TIGR00068': [[2, 134]]}, 'NODE_76_length_35369_cov_51.597072_38': {'PF03948.9': [[63, 149]], 'PF01281.14': [[1, 48]]}, 'NODE_4_length_361575_cov_49.709197_256': {'PF13466.1': [[14, 90]]}, 'NODE_42_length_84482_cov_49.547041_30': {'TIGR03692': [[2, 172]]}, 'NODE_1_length_448410_cov_43.210057_365': {'PF01326.14': [[20, 348]]}, 'NODE_3_length_401717_cov_46.827260_235': {'PF10954.3': [[1, 101]]}, 'NODE_130_length_4253_cov_49.984516_2': {'TIGR00122': [[6, 76]], 'TIGR00121': [[81, 317]], 'PF02237.12': [[271, 317]]}, 'NODE_25_length_142750_cov_45.278426_58': {'PF03733.8': [[76, 128]]}, 'NODE_13_length_202932_cov_50.659902_69': {'PF09012.5': [[3, 70]]}, 'NODE_39_length_95726_cov_51.172341_6': {'PF09107.6': [[557, 606]], 'PF09106.6': [[423, 480]]}, 'NODE_46_length_72983_cov_46.494227_21': {'TIGR02970': [[12, 131]]}, 'NODE_2_length_403395_cov_45.560559_180': {'PF03974.8': [[28, 153]]}, 'NODE_25_length_142750_cov_45.278426_116': {'PF02403.17': [[1, 107]]}, 'NODE_32_length_111324_cov_46.582660_65': {'PF12404.3': [[5, 81]]}, 'NODE_15_length_185841_cov_48.828717_118': {'PF02976.10': [[58, 157]]}, 'NODE_2_length_403395_cov_45.560559_308': {'TIGR02446': [[7, 436]]}, 'NODE_54_length_60494_cov_51.148679_8': {'PF10396.4': [[6, 120]], 'PF12631.2': [[381, 451]]}, 'NODE_56_length_57868_cov_46.242852_45': {'PF08343.5': [[16, 97]]}, 'NODE_46_length_72983_cov_46.494227_29': {'TIGR00370': [[9, 211]]}, 'NODE_38_length_98517_cov_50.200240_83': {'PF02313.12': [[3, 117]]}, 'NODE_3_length_401717_cov_46.827260_236': {'PF07759.7': [[49, 363]]}, 'NODE_13_length_202932_cov_50.659902_130': {'TIGR02673': [[1, 213]]}, 'NODE_2_length_403395_cov_45.560559_307': {'TIGR02440': [[6, 706]]}, 'NODE_23_length_147396_cov_49.445640_3': {'TIGR01575': [[11, 142]]}, 'NODE_46_length_72983_cov_46.494227_3': {'PF04052.8': [[23, 121]], 'TIGR02800': [[15, 427]]}, 'NODE_67_length_41510_cov_50.047497_39': {'PF03947.13': [[124, 250]], 'PF00181.18': [[42, 117]]}, 'NODE_36_length_101476_cov_44.351564_39': {'PF09115.5': [[207, 323]]}, 'NODE_56_length_57868_cov_46.242852_39': {'PF09400.5': [[1, 110]]}, 'NODE_57_length_57866_cov_48.843144_2': {'PF11575.3': [[241, 262]]}, 'NODE_2_length_403395_cov_45.560559_271': {'PF08338.6': [[249, 295]]}, 'NODE_68_length_41451_cov_49.358537_25': {'PF01814.18': [[76, 216]], 'PF04405.9': [[5, 58]]}, 'NODE_15_length_185841_cov_48.828717_20': {'PF03652.10': [[4, 136]]}, 'NODE_27_length_131964_cov_43.078228_7': {'PF00265.13': [[2, 186]]}, 'NODE_82_length_29880_cov_52.150210_6': {'PF00466.15': [[5, 101]]}, 'NODE_66_length_42772_cov_49.814219_18': {'TIGR00422': [[1, 932]], 'PF10458.4': [[886, 944]]}, 'NODE_21_length_152504_cov_45.257627_1': {'PF13491.1': [[20, 191]]}, 'NODE_27_length_131964_cov_43.078228_121': {'PF11739.3': [[656, 859]]}, 'NODE_37_length_98540_cov_48.278997_37': {'TIGR02124': [[3, 336]]}, 'NODE_4_length_361575_cov_49.709197_276': {'TIGR01212': [[6, 301]]}, 'NODE_76_length_35369_cov_51.597072_37': {'PF01084.15': [[16, 68]]}, 'NODE_3_length_401717_cov_46.827260_14': {'PF13603.1': [[221, 403]]}, 'NODE_43_length_84018_cov_50.477818_23': {'PF00342.14': [[52, 541]]}, 'NODE_28_length_122184_cov_50.593364_28': {'TIGR02201': [[7, 344]]}, 'NODE_13_length_202932_cov_50.659902_46': {'PF01761.15': [[67, 325]]}, 'NODE_77_length_35275_cov_49.386968_32': {'PF09500.5': [[158, 297]]}, 'NODE_25_length_142750_cov_45.278426_104': {'TIGR01356': [[14, 423]]}, 'NODE_2_length_403395_cov_45.560559_244': {'TIGR01974': [[2, 610]]}, 'NODE_54_length_60494_cov_51.148679_31': {'PF02823.11': [[6, 84]], 'PF00401.15': [[88, 134]]}, 'NODE_29_length_121436_cov_43.135375_109': {'PF13369.1': [[33, 184]]}, 'NODE_2_length_403395_cov_45.560559_67': {'PF10609.4': [[216, 296]]}, 'NODE_33_length_107463_cov_48.629218_51': {'PF01288.15': [[5, 132]]}, 'NODE_29_length_121436_cov_43.135375_77': {'PF06450.7': [[1, 511]]}, 'NODE_27_length_131964_cov_43.078228_24': {'PF04279.10': [[1, 175]]}, 'NODE_39_length_95726_cov_51.172341_5': {'TIGR00474': [[10, 460]], 'PF12390.3': [[9, 48]]}, 'NODE_3_length_401717_cov_46.827260_17': {'TIGR00482': [[7, 212]]}, 'NODE_54_length_60494_cov_51.148679_25': {'TIGR00972': [[11, 257]]}, 'NODE_2_length_403395_cov_45.560559_57': {'PF02110.10': [[15, 259]]}, 'NODE_1_length_448410_cov_43.210057_146': {'TIGR00740': [[4, 242]]}, 'NODE_25_length_142750_cov_45.278426_65': {'TIGR01749': [[40, 208]]}, 'NODE_23_length_147396_cov_49.445640_101': {'TIGR01276': [[6, 327]], 'TIGR01254': [[18, 321]]}, 'NODE_3_length_401717_cov_46.827260_323': {'TIGR01893': [[8, 482]]}, 'NODE_4_length_361575_cov_49.709197_231': {'PF00013.24': [[556, 612]], 'PF03726.9': [[242, 320]]}, 'NODE_2_length_403395_cov_45.560559_254': {'PF00507.14': [[26, 125]]}, 'NODE_3_length_401717_cov_46.827260_195': {'PF13292.1': [[12, 282]]}, 'NODE_37_length_98540_cov_48.278997_36': {'PF01924.11': [[13, 368]]}, 'NODE_25_length_142750_cov_45.278426_61': {'PF03846.9': [[3, 119]]}, 'NODE_67_length_41510_cov_50.047497_28': {'PF00410.14': [[5, 129]]}, 'NODE_30_length_113405_cov_50.408937_87': {'PF07498.7': [[5, 47]], 'PF07497.7': [[49, 126]]}, 'NODE_30_length_113405_cov_50.408937_24': {'TIGR01718': [[6, 253]]}, 'NODE_42_length_84482_cov_49.547041_71': {'TIGR02143': [[10, 365]]}, 'NODE_67_length_41510_cov_50.047497_22': {'PF00344.15': [[76, 417]]}, 'NODE_54_length_60494_cov_51.148679_29': {'PF13522.1': [[65, 183]]}, 'NODE_23_length_147396_cov_49.445640_4': {'TIGR02254': [[4, 221]]}, 'NODE_4_length_361575_cov_49.709197_244': {'TIGR00438': [[20, 206]]}, 'NODE_2_length_403395_cov_45.560559_253': {'TIGR01957': [[37, 178]]}, 'NODE_21_length_152504_cov_45.257627_64': {'TIGR02355': [[8, 247]]}, 'NODE_54_length_60494_cov_51.148679_33': {'PF00231.14': [[3, 287]]}, 'NODE_3_length_401717_cov_46.827260_201': {'TIGR00326': [[7, 362]], 'TIGR00227': [[146, 364]]}, 'NODE_37_length_98540_cov_48.278997_34': {'TIGR00073': [[76, 289]]}, 'NODE_15_length_185841_cov_48.828717_58': {'PF01812.15': [[14, 194]]}, 'NODE_67_length_41510_cov_50.047497_31': {'TIGR01079': [[3, 103]]}, 'NODE_21_length_152504_cov_45.257627_55': {'TIGR01125': [[9, 438]]}, 'NODE_13_length_202932_cov_50.659902_75': {'PF02446.12': [[148, 683]]}, 'NODE_56_length_57868_cov_46.242852_21': {'PF01513.16': [[8, 271]]}, 'NODE_29_length_121436_cov_43.135375_99': {'PF01195.14': [[5, 189]]}, 'NODE_27_length_131964_cov_43.078228_42': {'PF08272.6': [[824, 865]]}, 'NODE_3_length_401717_cov_46.827260_186': {'PF03626.9': [[18, 100]]}, 'NODE_15_length_185841_cov_48.828717_69': {'PF03006.15': [[11, 209]]}, 'NODE_33_length_107463_cov_48.629218_10': {'PF07733.7': [[291, 735]]}, 'NODE_38_length_98517_cov_50.200240_72': {'PF00166.16': [[2, 95]]}, 'NODE_23_length_147396_cov_49.445640_42': {'PF01184.14': [[4, 184]]}, 'NODE_21_length_152504_cov_45.257627_32': {'PF10767.4': [[20, 162]]}, 'NODE_82_length_29880_cov_52.150210_9': {'PF00623.15': [[344, 486]], 'PF05000.12': [[674, 763]], 'PF04998.12': [[766, 1321]], 'PF04983.13': [[489, 644]], 'PF04997.7': [[15, 342]]}, 'NODE_91_length_22879_cov_47.154881_20': {'TIGR03138': [[11, 282]]}, 'NODE_27_length_131964_cov_43.078228_57': {'TIGR02062': [[1, 642]]}, 'NODE_33_length_107463_cov_48.629218_75': {'PF06062.6': [[1, 118]]}, 'NODE_15_length_185841_cov_48.828717_11': {'PF11101.3': [[24, 234]]}, 'NODE_2_length_403395_cov_45.560559_345': {'PF01566.13': [[38, 384]]}, 'NODE_37_length_98540_cov_48.278997_62': {'TIGR02039': [[9, 302]]}, 'NODE_3_length_401717_cov_46.827260_200': {'PF00885.14': [[11, 153]]}, 'NODE_43_length_84018_cov_50.477818_3': {'PF04204.11': [[2, 299]]}, 'NODE_33_length_107463_cov_48.629218_79': {'TIGR01348': [[180, 630]]}, 'NODE_1_length_448410_cov_43.210057_261': {'TIGR00553': [[107, 446]]}, 'NODE_67_length_41510_cov_50.047497_18': {'PF00163.14': [[2, 95]]}, 'NODE_68_length_41451_cov_49.358537_20': {'TIGR01331': [[1, 244]]}, 'NODE_15_length_185841_cov_48.828717_127': {'PF12528.3': [[33, 106]]}, 'NODE_30_length_113405_cov_50.408937_70': {'PF04375.9': [[8, 370]]}, 'NODE_77_length_35275_cov_49.386968_31': {'PF02580.11': [[3, 144]]}, 'NODE_68_length_41451_cov_49.358537_21': {'TIGR01390': [[22, 647]]}, 'NODE_71_length_38542_cov_46.252605_20': {'TIGR02939': [[1, 189]]}, 'NODE_27_length_131964_cov_43.078228_89': {'PF04317.7': [[20, 464]]}, 'NODE_77_length_35275_cov_49.386968_3': {'PF06288.8': [[1, 86]]}, 'NODE_33_length_107463_cov_48.629218_16': {'PF03938.9': [[10, 160]]}, 'NODE_28_length_122184_cov_50.593364_17': {'TIGR02197': [[2, 308]]}, 'NODE_4_length_361575_cov_49.709197_285': {'PF04386.8': [[8, 165]]}, 'NODE_2_length_403395_cov_45.560559_247': {'TIGR01971': [[16, 137]]}, 'NODE_30_length_113405_cov_50.408937_61': {'PF04340.7': [[10, 232]]}, 'NODE_4_length_361575_cov_49.709197_293': {'TIGR01772': [[2, 311]]}, 'NODE_1_length_448410_cov_43.210057_147': {'PF01124.13': [[3, 120]]}, 'NODE_37_length_98540_cov_48.278997_55': {'PF01142.13': [[3, 337]]}, 'NODE_42_length_84482_cov_49.547041_8': {'PF03475.9': [[168, 214]]}, 'NODE_25_length_142750_cov_45.278426_72': {'PF03476.11': [[1, 116]]}, 'NODE_15_length_185841_cov_48.828717_14': {'TIGR00539': [[7, 368]]}, 'NODE_43_length_84018_cov_50.477818_36': {'TIGR01474': [[11, 287]]}, 'NODE_27_length_131964_cov_43.078228_119': {'PF03724.11': [[30, 125]]}, 'NODE_27_length_131964_cov_43.078228_30': {'TIGR00263': [[8, 389]]}, 'NODE_4_length_361575_cov_49.709197_302': {'PF13116.1': [[505, 789]]}, 'NODE_30_length_113405_cov_50.408937_95': {'PF00585.13': [[330, 420]]}, 'NODE_4_length_361575_cov_49.709197_126': {'PF04380.8': [[1, 79]]}, 'NODE_3_length_401717_cov_46.827260_192': {'PF02568.9': [[175, 369]]}, 'NODE_2_length_403395_cov_45.560559_20': {'TIGR02274': [[2, 190]]}, 'NODE_28_length_122184_cov_50.593364_18': {'TIGR02195': [[2, 343]]}, 'NODE_2_length_403395_cov_45.560559_295': {'PF03411.8': [[35, 273]]}, 'NODE_66_length_42772_cov_49.814219_17': {'PF04364.8': [[1, 143]]}, 'NODE_2_length_403395_cov_45.560559_230': {'TIGR01923': [[30, 443]]}, 'NODE_15_length_185841_cov_48.828717_72': {'PF07254.7': [[1, 131]]}, 'NODE_37_length_98540_cov_48.278997_60': {'PF01583.15': [[27, 179]]}, 'NODE_23_length_147396_cov_49.445640_110': {'PF10369.4': [[83, 158]]}, 'NODE_1_length_448410_cov_43.210057_385': {'TIGR01980': [[21, 486]]}, 'NODE_36_length_101476_cov_44.351564_70': {'PF04337.7': [[5, 158]]}, 'NODE_3_length_401717_cov_46.827260_185': {'PF00510.13': [[16, 202]]}, 'NODE_13_length_202932_cov_50.659902_42': {'TIGR01449': [[10, 239]]}, 'NODE_82_length_29880_cov_52.150210_28': {'PF01808.13': [[137, 461]]}, 'NODE_4_length_361575_cov_49.709197_90': {'TIGR01062': [[5, 738]]}, 'NODE_13_length_202932_cov_50.659902_68': {'PF07664.7': [[454, 507]], 'PF02421.13': [[5, 162]]}, 'NODE_37_length_98540_cov_48.278997_68': {'TIGR00039': [[4, 120]]}, 'NODE_28_length_122184_cov_50.593364_6': {'PF06426.9': [[9, 113]], 'TIGR01172': [[82, 242]]}, 'NODE_15_length_185841_cov_48.828717_48': {'TIGR01520': [[4, 358]]}, 'NODE_76_length_35369_cov_51.597072_15': {'TIGR00186': [[1, 242]]}, 'NODE_38_length_98517_cov_50.200240_86': {'TIGR01176': [[3, 582]]}, 'NODE_71_length_38542_cov_46.252605_14': {'PF00035.20': [[156, 223]]}, 'NODE_41_length_91411_cov_43.396340_56': {'PF03848.9': [[1, 193]]}, 'NODE_15_length_185841_cov_48.828717_7': {'PF04362.9': [[1, 88]]}, 'NODE_56_length_57868_cov_46.242852_13': {'PF01245.15': [[3, 113]]}, 'NODE_30_length_113405_cov_50.408937_6': {'TIGR02445': [[3, 387]]}, 'NODE_21_length_152504_cov_45.257627_42': {'PF11045.3': [[1, 124]]}, 'NODE_1_length_448410_cov_43.210057_426': {'PF03702.9': [[5, 366]]}, 'NODE_54_length_60494_cov_51.148679_4': {'PF08299.6': [[375, 444]], 'PF11638.3': [[4, 63]]}, 'NODE_76_length_35369_cov_51.597072_1': {'PF08331.5': [[62, 140]], 'PF13484.1': [[193, 256]]}, 'NODE_3_length_401717_cov_46.827260_26': {'TIGR00214': [[26, 204]]}, 'NODE_1_length_448410_cov_43.210057_413': {'TIGR00365': [[5, 101]]}, 'NODE_3_length_401717_cov_46.827260_47': {'TIGR03140': [[11, 527]]}, 'NODE_15_length_185841_cov_48.828717_54': {'TIGR03298': [[5, 293]]}, 'NODE_4_length_361575_cov_49.709197_306': {'PF04085.9': [[122, 270]]}, 'NODE_36_length_101476_cov_44.351564_21': {'TIGR02211': [[5, 224]]}, 'NODE_38_length_98517_cov_50.200240_76': {'TIGR00238': [[3, 328]], 'TIGR03821': [[15, 335]]}, 'NODE_33_length_107463_cov_48.629218_29': {'TIGR00965': [[3, 273]]}, 'NODE_3_length_401717_cov_46.827260_164': {'PF00909.16': [[33, 426]]}, 'NODE_32_length_111324_cov_46.582660_73': {'TIGR02010': [[1, 134]]}, 'NODE_42_length_84482_cov_49.547041_37': {'TIGR02080': [[3, 382]]}, 'NODE_56_length_57868_cov_46.242852_24': {'PF03658.9': [[5, 88]]}, 'NODE_15_length_185841_cov_48.828717_75': {'PF10411.4': [[25, 77]]}, 'NODE_4_length_361575_cov_49.709197_287': {'PF00380.14': [[10, 130]]}, 'NODE_30_length_113405_cov_50.408937_93': {'PF01450.14': [[359, 485]], 'PF07991.7': [[35, 204]]}, 'NODE_91_length_22879_cov_47.154881_21': {'PF07348.7': [[6, 179]]}, 'NODE_15_length_185841_cov_48.828717_70': {'TIGR03317': [[187, 252]]}, 'NODE_3_length_401717_cov_46.827260_218': {'TIGR00618': [[1, 1039]]}, 'NODE_1_length_448410_cov_43.210057_276': {'PF04343.8': [[5, 112]]}, 'NODE_1_length_448410_cov_43.210057_342': {'PF14002.1': [[15, 177]]}, 'NODE_36_length_101476_cov_44.351564_41': {'PF02618.11': [[42, 330]]}, 'NODE_13_length_202932_cov_50.659902_133': {'PF06611.7': [[1, 60]]}, 'NODE_21_length_152504_cov_45.257627_134': {'TIGR02636': [[12, 343]]}, 'NODE_15_length_185841_cov_48.828717_65': {'PF01597.14': [[8, 128]]}, 'NODE_77_length_35275_cov_49.386968_1': {'PF03205.9': [[8, 129]]}, 'NODE_13_length_202932_cov_50.659902_129': {'TIGR00439': [[47, 352]]}, 'NODE_33_length_107463_cov_48.629218_9': {'PF03255.9': [[5, 151]]}, 'NODE_29_length_121436_cov_43.135375_110': {'TIGR01362': [[18, 275]]}, 'NODE_15_length_185841_cov_48.828717_71': {'PF03937.11': [[5, 77]]}, 'NODE_4_length_361575_cov_49.709197_80': {'PF11842.3': [[594, 717]]}, 'NODE_36_length_101476_cov_44.351564_75': {'TIGR00856': [[8, 347]]}, 'NODE_42_length_84482_cov_49.547041_26': {'PF06005.7': [[1, 79]]}, 'NODE_2_length_403395_cov_45.560559_267': {'TIGR00040': [[1, 169]]}, 'NODE_66_length_42772_cov_49.814219_16': {'PF02789.12': [[19, 147]]}, 'NODE_25_length_142750_cov_45.278426_53': {'PF08755.6': [[4, 101]]}, 'NODE_27_length_131964_cov_43.078228_49': {'PF06305.6': [[22, 87]]}, 'NODE_67_length_41510_cov_50.047497_17': {'PF01193.19': [[28, 228]], 'PF01000.21': [[60, 156]], 'PF03118.10': [[244, 308]]}, 'NODE_82_length_29880_cov_52.150210_11': {'PF05690.9': [[4, 247]]}, 'NODE_13_length_202932_cov_50.659902_167': {'PF04378.8': [[33, 278]]}, 'NODE_32_length_111324_cov_46.582660_68': {'TIGR01991': [[21, 615]]}, 'NODE_23_length_147396_cov_49.445640_125': {'PF14450.1': [[206, 382]], 'PF02491.15': [[84, 163]]}, 'NODE_32_length_111324_cov_46.582660_36': {'TIGR01091': [[3, 208]]}, 'NODE_28_length_122184_cov_50.593364_13': {'PF04748.8': [[28, 238]]}, 'NODE_23_length_147396_cov_49.445640_120': {'TIGR02614': [[45, 400]]}, 'NODE_4_length_361575_cov_49.709197_296': {'PF01337.13': [[4, 82]]}, 'NODE_82_length_29880_cov_52.150210_20': {'PF04222.7': [[4, 192]]}, 'NODE_31_length_112489_cov_41.627426_20': {'TIGR02648': [[10, 308]]}, 'NODE_3_length_401717_cov_46.827260_95': {'PF01406.14': [[15, 313]], 'PF09190.6': [[341, 402]]}, 'NODE_23_length_147396_cov_49.445640_18': {'PF10144.4': [[1, 210]]}, 'NODE_13_length_202932_cov_50.659902_55': {'PF07095.6': [[1, 702]]}, 'NODE_13_length_202932_cov_50.659902_115': {'PF10956.3': [[1, 105]]}, 'NODE_36_length_101476_cov_44.351564_5': {'PF03054.11': [[6, 360]]}, 'NODE_91_length_22879_cov_47.154881_3': {'TIGR03391': [[7, 144]]}, 'NODE_2_length_403395_cov_45.560559_142': {'PF11893.3': [[1, 253]]}, 'NODE_3_length_401717_cov_46.827260_4': {'PF02130.12': [[22, 144]]}, 'NODE_3_length_401717_cov_46.827260_223': {'PF06865.6': [[1, 94]]}, 'NODE_56_length_57868_cov_46.242852_38': {'PF06610.8': [[3, 142]]}, 'NODE_46_length_72983_cov_46.494227_65': {'PF00733.16': [[211, 450]], 'PF13537.1': [[48, 166]]}, 'NODE_4_length_361575_cov_49.709197_132': {'PF01928.16': [[3, 200]]}, 'NODE_32_length_111324_cov_46.582660_48': {'PF02601.10': [[126, 442]], 'PF13742.1': [[9, 104]]}, 'NODE_33_length_107463_cov_48.629218_25': {'PF00889.14': [[57, 263]], 'PF00627.26': [[4, 39]]}, 'NODE_23_length_147396_cov_49.445640_112': {'PF02381.13': [[1, 75]]}, 'NODE_2_length_403395_cov_45.560559_139': {'PF01386.14': [[4, 91]]}, 'NODE_56_length_57868_cov_46.242852_20': {'PF01025.14': [[35, 194]]}, 'NODE_54_length_60494_cov_51.148679_40': {'PF02527.10': [[20, 200]]}, 'NODE_38_length_98517_cov_50.200240_84': {'PF02300.12': [[2, 129]]}, 'NODE_56_length_57868_cov_46.242852_14': {'PF01746.16': [[23, 221]]}, 'NODE_36_length_101476_cov_44.351564_78': {'TIGR01377': [[3, 372]]}, 'NODE_33_length_107463_cov_48.629218_3': {'PF07152.7': [[1, 175]]}, 'NODE_36_length_101476_cov_44.351564_20': {'TIGR02213': [[3, 412]]}, 'NODE_21_length_152504_cov_45.257627_114': {'TIGR00433': [[14, 310]]}, 'NODE_1_length_448410_cov_43.210057_354': {'PF03484.10': [[404, 471]], 'PF03147.9': [[701, 794]]}, 'NODE_43_length_84018_cov_50.477818_11': {'TIGR01013': [[67, 520]]}, 'NODE_29_length_121436_cov_43.135375_107': {'TIGR03534': [[23, 271]]}, 'NODE_37_length_98540_cov_48.278997_5': {'PF00154.16': [[9, 327]]}, 'NODE_117_length_7436_cov_48.910852_7': {'TIGR02314': [[1, 343]]}, 'NODE_71_length_38542_cov_46.252605_31': {'PF13607.1': [[147, 280]], 'PF13549.1': [[473, 693]]}, 'NODE_27_length_131964_cov_43.078228_72': {'TIGR02977': [[1, 219]]}, 'NODE_2_length_403395_cov_45.560559_68': {'PF09334.6': [[8, 397]]}, 'NODE_1_length_448410_cov_43.210057_303': {'TIGR00476': [[1, 335]]}, 'NODE_4_length_361575_cov_49.709197_144': {'TIGR03723': [[3, 313]], 'TIGR00329': [[4, 306]]}, 'NODE_28_length_122184_cov_50.593364_40': {'PF03755.8': [[2, 153]], 'PF08340.6': [[202, 287]]}, 'NODE_13_length_202932_cov_50.659902_73': {'TIGR03341': [[2, 191]]}, 'NODE_1_length_448410_cov_43.210057_386': {'TIGR01978': [[2, 244]]}, 'NODE_78_length_35073_cov_42.660175_13': {'TIGR00007': [[2, 238]]}, 'NODE_21_length_152504_cov_45.257627_31': {'TIGR02085': [[2, 373]]}, 'NODE_3_length_401717_cov_46.827260_19': {'PF02410.10': [[9, 104]]}, 'NODE_82_length_29880_cov_52.150210_17': {'PF09297.6': [[93, 124]]}, 'NODE_71_length_38542_cov_46.252605_2': {'PF13942.1': [[44, 221]]}, 'NODE_56_length_57868_cov_46.242852_16': {'PF00886.14': [[8, 68]]}, 'NODE_3_length_401717_cov_46.827260_182': {'TIGR00901': [[25, 363]]}, 'NODE_2_length_403395_cov_45.560559_189': {'PF09456.5': [[708, 799]]}, 'NODE_1_length_448410_cov_43.210057_350': {'PF00707.17': [[55, 142]]}, 'NODE_4_length_361575_cov_49.709197_320': {'PF06196.7': [[7, 78]]}, 'NODE_25_length_142750_cov_45.278426_56': {'TIGR00160': [[11, 151]]}, 'NODE_1_length_448410_cov_43.210057_404': {'PF00677.12': [[3, 87]]}, 'NODE_27_length_131964_cov_43.078228_47': {'PF00925.15': [[4, 171]]}, 'NODE_30_length_113405_cov_50.408937_71': {'PF07219.8': [[26, 133]]}, 'NODE_37_length_98540_cov_48.278997_89': {'PF09984.4': [[31, 178]]}, 'NODE_33_length_107463_cov_48.629218_1': {'PF04170.7': [[45, 130]]}, 'NODE_28_length_122184_cov_50.593364_15': {'TIGR00692': [[3, 340]]}, 'NODE_56_length_57868_cov_46.242852_4': {'PF13525.1': [[28, 236]]}, 'NODE_13_length_202932_cov_50.659902_12': {'PF09526.5': [[4, 63]]}, 'NODE_23_length_147396_cov_49.445640_13': {'PF07831.8': [[350, 423]]}, 'NODE_3_length_401717_cov_46.827260_163': {'TIGR00189': [[12, 283]], 'PF02551.10': [[148, 281]]}, 'NODE_1_length_448410_cov_43.210057_239': {'TIGR00446': [[43, 312]]}, 'NODE_23_length_147396_cov_49.445640_24': {'PF01371.14': [[7, 93]]}, 'NODE_54_length_60494_cov_51.148679_44': {'PF03590.10': [[4, 246]]}, 'NODE_2_length_403395_cov_45.560559_258': {'PF13023.1': [[11, 160]]}, 'NODE_15_length_185841_cov_48.828717_22': {'PF02955.11': [[124, 295]], 'PF02951.9': [[2, 120]]}, 'NODE_25_length_142750_cov_45.278426_59': {'TIGR01666': [[8, 706]]}, 'NODE_82_length_29880_cov_52.150210_15': {'PF13667.1': [[26, 109]], 'PF01964.13': [[148, 597]]}, 'NODE_1_length_448410_cov_43.210057_252': {'PF02659.10': [[13, 81]]}, 'NODE_32_length_111324_cov_46.582660_66': {'PF04384.8': [[3, 66]]}, 'NODE_2_length_403395_cov_45.560559_251': {'PF01257.14': [[23, 166]]}, 'NODE_56_length_57868_cov_46.242852_17': {'PF02978.14': [[329, 427]]}, 'NODE_2_length_403395_cov_45.560559_87': {'PF09330.6': [[278, 567]]}, 'NODE_21_length_152504_cov_45.257627_115': {'TIGR00508': [[13, 421]]}, 'NODE_82_length_29880_cov_52.150210_19': {'PF04493.9': [[9, 208]]}, 'NODE_32_length_111324_cov_46.582660_46': {'PF00958.17': [[433, 524]]}, 'NODE_41_length_91411_cov_43.396340_43': {'PF10735.4': [[1, 77]]}, 'NODE_23_length_147396_cov_49.445640_34': {'PF13840.1': [[393, 454]]}, 'NODE_3_length_401717_cov_46.827260_202': {'TIGR00244': [[1, 147]]}, 'NODE_71_length_38542_cov_46.252605_33': {'PF10043.4': [[3, 87]]}, 'NODE_33_length_107463_cov_48.629218_6': {'TIGR02433': [[356, 401]], 'TIGR02432': [[14, 196]], 'PF11734.3': [[356, 422]], 'PF09179.6': [[241, 309]]}, 'NODE_28_length_122184_cov_50.593364_39': {'TIGR01966': [[2, 236]]}, 'NODE_4_length_361575_cov_49.709197_277': {'PF04898.9': [[487, 768]], 'PF01645.12': [[824, 1187]]}, 'NODE_13_length_202932_cov_50.659902_168': {'TIGR01421': [[3, 450]]}, 'NODE_21_length_152504_cov_45.257627_106': {'PF01967.16': [[15, 150]]}, 'NODE_23_length_147396_cov_49.445640_28': {'PF05981.7': [[24, 156]]}, 'NODE_27_length_131964_cov_43.078228_51': {'TIGR01740': [[37, 257]]}, 'NODE_3_length_401717_cov_46.827260_193': {'PF02609.11': [[11, 63]]}, 'NODE_56_length_57868_cov_46.242852_1': {'TIGR03346': [[6, 854]]}, 'NODE_54_length_60494_cov_51.148679_7': {'PF02096.15': [[352, 533]]}, 'NODE_36_length_101476_cov_44.351564_42': {'TIGR03461': [[3, 262]]}, 'NODE_25_length_142750_cov_45.278426_119': {'PF01580.13': [[148, 361]], 'PF09397.5': [[462, 525]]}, 'NODE_25_length_142750_cov_45.278426_82': {'TIGR00457': [[5, 466]]}, 'NODE_77_length_35275_cov_49.386968_17': {'TIGR01394': [[5, 599]]}, 'NODE_82_length_29880_cov_52.150210_18': {'PF01208.12': [[5, 347]]}, 'NODE_71_length_38542_cov_46.252605_27': {'TIGR00628': [[6, 214]]}, 'NODE_13_length_202932_cov_50.659902_126': {'PF12568.3': [[2, 125]]}, 'NODE_1_length_448410_cov_43.210057_349': {'TIGR00418': [[72, 631]]}, 'NODE_103_length_12767_cov_50.957284_11': {'PF02634.10': [[38, 275]]}, 'NODE_42_length_84482_cov_49.547041_44': {'PF02219.12': [[14, 291]]}, 'NODE_32_length_111324_cov_46.582660_53': {'TIGR03594': [[3, 458]]}, 'NODE_1_length_448410_cov_43.210057_145': {'PF08003.6': [[7, 322]]}, 'NODE_32_length_111324_cov_46.582660_59': {'TIGR00048': [[13, 369]]}, 'NODE_3_length_401717_cov_46.827260_171': {'PF06508.8': [[3, 213]]}, 'NODE_42_length_84482_cov_49.547041_29': {'TIGR00390': [[4, 443]]}, 'NODE_91_length_22879_cov_47.154881_4': {'TIGR03392': [[4, 401]]}, 'NODE_3_length_401717_cov_46.827260_148': {'PF04304.8': [[46, 115]]}, 'NODE_21_length_152504_cov_45.257627_5': {'TIGR02868': [[6, 533]]}, 'NODE_4_length_361575_cov_49.709197_119': {'PF02535.17': [[86, 246]]}, 'NODE_28_length_122184_cov_50.593364_29': {'PF04413.11': [[31, 212]]}, 'NODE_67_length_41510_cov_50.047497_27': {'PF00347.18': [[90, 164]]}, 'NODE_13_length_202932_cov_50.659902_17': {'PF06794.7': [[1, 70]]}, 'NODE_82_length_29880_cov_52.150210_2': {'PF00584.15': [[68, 122]]}, 'NODE_54_length_60494_cov_51.148679_30': {'TIGR01173': [[6, 455]]}, 'NODE_21_length_152504_cov_45.257627_17': {'PF03063.15': [[1, 548]]}, 'NODE_23_length_147396_cov_49.445640_122': {'TIGR01082': [[21, 475]]}, 'NODE_25_length_142750_cov_45.278426_57': {'PF12462.3': [[1, 165]]}, 'NODE_33_length_107463_cov_48.629218_15': {'PF04613.9': [[21, 90]]}, 'NODE_32_length_111324_cov_46.582660_55': {'PF09976.4': [[43, 184]]}, 'NODE_4_length_361575_cov_49.709197_245': {'PF01985.16': [[3, 86]]}, 'NODE_42_length_84482_cov_49.547041_31': {'TIGR02223': [[1, 280]]}, 'NODE_23_length_147396_cov_49.445640_5': {'TIGR00503': [[3, 529]]}, 'NODE_2_length_403395_cov_45.560559_287': {'PF11890.3': [[289, 369]]}, 'NODE_3_length_401717_cov_46.827260_141': {'PF00762.14': [[5, 317]]}, 'NODE_117_length_7436_cov_48.910852_2': {'TIGR00409': [[1, 569]]}, 'NODE_2_length_403395_cov_45.560559_242': {'TIGR01770': [[9, 475]]}, 'NODE_54_length_60494_cov_51.148679_32': {'TIGR01039': [[3, 460]]}, 'NODE_15_length_185841_cov_48.828717_130': {'TIGR00609': [[8, 1172]]}, 'NODE_3_length_401717_cov_46.827260_242': {'PF00490.16': [[5, 319]]}, 'NODE_36_length_101476_cov_44.351564_74': {'PF07273.7': [[27, 179]]}, 'NODE_27_length_131964_cov_43.078228_29': {'PF00290.15': [[8, 266]]}, 'NODE_30_length_113405_cov_50.408937_68': {'PF01379.15': [[13, 223]], 'PF03900.10': [[232, 303]]}, 'NODE_77_length_35275_cov_49.386968_14': {'TIGR01818': [[6, 466]]}, 'NODE_3_length_401717_cov_46.827260_75': {'PF06643.6': [[1, 82]]}, 'NODE_29_length_121436_cov_43.135375_66': {'PF03776.9': [[14, 83]]}, 'NODE_25_length_142750_cov_45.278426_97': {'PF02606.9': [[12, 319]]}, 'NODE_23_length_147396_cov_49.445640_99': {'TIGR01277': [[2, 214]]}, 'NODE_3_length_401717_cov_46.827260_216': {'TIGR02154': [[1, 226]]}, 'NODE_25_length_142750_cov_45.278426_107': {'PF02624.11': [[58, 391]]}, 'NODE_28_length_122184_cov_50.593364_33': {'PF00830.14': [[3, 63]]}, 'NODE_13_length_202932_cov_50.659902_135': {'PF07947.9': [[25, 206]]}, 'NODE_4_length_361575_cov_49.709197_261': {'TIGR00367': [[2, 312]]}, 'NODE_4_length_361575_cov_49.709197_290': {'PF06295.7': [[5, 130]]}, 'NODE_4_length_361575_cov_49.709197_250': {'PF01016.14': [[2, 82]]}, 'NODE_117_length_7436_cov_48.910852_3': {'PF01980.11': [[18, 142]]}, 'NODE_25_length_142750_cov_45.278426_88': {'PF04310.7': [[1, 227]]}, 'NODE_33_length_107463_cov_48.629218_63': {'PF02261.11': [[1, 115]]}, 'NODE_27_length_131964_cov_43.078228_33': {'TIGR00565': [[17, 515]]}, 'NODE_3_length_401717_cov_46.827260_217': {'TIGR00619': [[1, 254]], 'PF12320.3': [[274, 375]]}, 'NODE_28_length_122184_cov_50.593364_48': {'TIGR00643': [[29, 664]]}, 'NODE_66_length_42772_cov_49.814219_30': {'PF01948.13': [[5, 97]], 'PF02748.10': [[101, 151]]}, 'NODE_3_length_401717_cov_46.827260_28': {'TIGR00510': [[21, 321]]}, 'NODE_2_length_403395_cov_45.560559_262': {'PF04217.8': [[10, 149]]}, 'NODE_4_length_361575_cov_49.709197_269': {'TIGR01419': [[9, 155]]}, 'NODE_1_length_448410_cov_43.210057_224': {'TIGR01142': [[14, 391]]}, 'NODE_23_length_147396_cov_49.445640_36': {'TIGR00260': [[52, 397]]}, 'NODE_32_length_111324_cov_46.582660_61': {'PF06832.7': [[674, 755]]}, 'NODE_31_length_112489_cov_41.627426_3': {'TIGR01943': [[3, 191]]}, 'NODE_25_length_142750_cov_45.278426_67': {'PF03886.8': [[26, 180]]}, 'NODE_15_length_185841_cov_48.828717_64': {'TIGR00528': [[2, 359]]}, 'NODE_32_length_111324_cov_46.582660_37': {'TIGR00878': [[7, 335]]}, 'NODE_68_length_41451_cov_49.358537_6': {'PF00316.15': [[3, 328]]}, 'NODE_15_length_185841_cov_48.828717_61': {'PF05195.11': [[4, 133]]}, 'NODE_1_length_448410_cov_43.210057_244': {'PF03572.13': [[356, 529]], 'PF11818.3': [[536, 670]]}, 'NODE_27_length_131964_cov_43.078228_95': {'PF00246.19': [[44, 149]]}, 'NODE_23_length_147396_cov_49.445640_62': {'PF00988.17': [[4, 133]]}, 'NODE_76_length_35369_cov_51.597072_10': {'TIGR01932': [[1, 327]]}, 'NODE_74_length_36739_cov_46.702786_10': {'PF07264.6': [[11, 232]]}, 'NODE_33_length_107463_cov_48.629218_48': {'TIGR02420': [[32, 140]]}, 'NODE_33_length_107463_cov_48.629218_14': {'TIGR01750': [[8, 146]]}, 'NODE_67_length_41510_cov_50.047497_43': {'PF00338.17': [[6, 101]]}, 'NODE_13_length_202932_cov_50.659902_10': {'PF04102.7': [[5, 72]]}, 'NODE_71_length_38542_cov_46.252605_16': {'PF06421.7': [[487, 593]]}, 'NODE_37_length_98540_cov_48.278997_61': {'TIGR02034': [[28, 434]]}, 'NODE_103_length_12767_cov_50.957284_15': {'TIGR02624': [[1, 272]]}, 'NODE_32_length_111324_cov_46.582660_67': {'TIGR02007': [[2, 111]]}, 'NODE_2_length_403395_cov_45.560559_291': {'TIGR03197': [[267, 662]], 'PF05430.6': [[118, 244]]}, 'NODE_68_length_41451_cov_49.358537_4': {'PF04751.9': [[22, 177]]}, 'NODE_33_length_107463_cov_48.629218_93': {'TIGR01305': [[2, 344]]}, 'NODE_1_length_448410_cov_43.210057_320': {'TIGR00195': [[1, 266]], 'TIGR00633': [[1, 266]]}, 'NODE_23_length_147396_cov_49.445640_20': {'TIGR00416': [[1, 454]]}, 'NODE_38_length_98517_cov_50.200240_91': {'PF03193.11': [[174, 334]]}, 'NODE_67_length_41510_cov_50.047497_40': {'PF00276.15': [[9, 96]]}, 'NODE_3_length_401717_cov_46.827260_146': {'PF12169.3': [[232, 360]], 'PF12168.3': [[416, 498]], 'PF12170.3': [[499, 640]]}, 'NODE_25_length_142750_cov_45.278426_95': {'PF03966.11': [[2, 41]]}, 'NODE_23_length_147396_cov_49.445640_45': {'TIGR02350': [[3, 603]]}, 'NODE_74_length_36739_cov_46.702786_26': {'PF06572.7': [[22, 191]]}, 'NODE_3_length_401717_cov_46.827260_155': {'PF10757.4': [[1, 121]]}, 'NODE_56_length_57868_cov_46.242852_7': {'PF02153.12': [[135, 344]]}, 'NODE_1_length_448410_cov_43.210057_238': {'PF07351.8': [[2, 77]]}, 'NODE_37_length_98540_cov_48.278997_59': {'PF12084.3': [[1, 107]]}, 'NODE_46_length_72983_cov_46.494227_32': {'PF03441.9': [[205, 468]], 'PF00875.13': [[5, 168]]}, 'NODE_36_length_101476_cov_44.351564_50': {'PF02620.12': [[61, 171]]}, 'NODE_3_length_401717_cov_46.827260_13': {'PF07295.6': [[12, 157]]}, 'NODE_67_length_41510_cov_50.047497_35': {'PF00252.13': [[4, 131]]}, 'NODE_1_length_448410_cov_43.210057_269': {'TIGR01388': [[1, 368]]}, 'NODE_3_length_401717_cov_46.827260_147': {'TIGR01090': [[11, 178]]}, 'NODE_1_length_448410_cov_43.210057_434': {'TIGR01948': [[7, 208]]}, 'NODE_46_length_72983_cov_46.494227_60': {'TIGR01998': [[3, 463]]}, 'NODE_54_length_60494_cov_51.148679_28': {'TIGR00975': [[29, 335]]}, 'NODE_2_length_403395_cov_45.560559_306': {'TIGR00249': [[1, 152]]}, 'NODE_68_length_41451_cov_49.358537_16': {'PF01625.16': [[45, 200]]}, 'NODE_74_length_36739_cov_46.702786_20': {'TIGR02139': [[9, 271]]}, 'NODE_21_length_152504_cov_45.257627_135': {'TIGR01258': [[5, 248]]}, 'NODE_46_length_72983_cov_46.494227_2': {'TIGR02802': [[71, 173]]}, 'NODE_43_length_84018_cov_50.477818_5': {'PF00463.16': [[7, 257]]}, 'NODE_67_length_41510_cov_50.047497_38': {'PF00203.16': [[3, 83]]}, 'NODE_28_length_122184_cov_50.593364_47': {'PF12105.3': [[152, 210]]}, 'NODE_15_length_185841_cov_48.828717_15': {'PF01725.11': [[4, 193]]}, 'NODE_1_length_448410_cov_43.210057_32': {'PF06167.7': [[6, 243]]}, 'NODE_2_length_403395_cov_45.560559_56': {'TIGR00097': [[6, 262]]}, 'NODE_21_length_152504_cov_45.257627_109': {'PF01933.13': [[12, 299]]}, 'NODE_1_length_448410_cov_43.210057_111': {'TIGR00560': [[3, 181]]}, 'NODE_23_length_147396_cov_49.445640_2': {'PF03603.8': [[1, 128]]}, 'NODE_32_length_111324_cov_46.582660_60': {'PF00334.14': [[4, 137]]}, 'NODE_1_length_448410_cov_43.210057_429': {'TIGR00234': [[2, 424]]}, 'NODE_4_length_361575_cov_49.709197_71': {'TIGR02803': [[15, 136]]}, 'NODE_32_length_111324_cov_46.582660_69': {'PF07743.8': [[87, 162]]}, 'NODE_3_length_401717_cov_46.827260_320': {'PF07417.7': [[3, 123]]}, 'NODE_74_length_36739_cov_46.702786_17': {'TIGR01138': [[3, 292]]}, 'NODE_42_length_84482_cov_49.547041_70': {'PF07226.6': [[2, 115]]}, 'NODE_56_length_57868_cov_46.242852_22': {'TIGR00634': [[1, 552]]}, 'NODE_38_length_98517_cov_50.200240_40': {'PF08946.5': [[454, 499]]}, 'NODE_32_length_111324_cov_46.582660_71': {'TIGR01999': [[3, 126]]}, 'NODE_37_length_98540_cov_48.278997_56': {'PF02542.11': [[1, 156]]}, 'NODE_32_length_111324_cov_46.582660_34': {'TIGR03420': [[21, 247]]}, 'NODE_4_length_361575_cov_49.709197_237': {'PF02576.12': [[12, 146]]}, 'NODE_28_length_122184_cov_50.593364_36': {'TIGR00576': [[11, 151]]}, 'NODE_42_length_84482_cov_49.547041_60': {'TIGR01850': [[3, 333]]}, 'NODE_29_length_121436_cov_43.135375_67': {'TIGR01968': [[2, 268]]}, 'NODE_2_length_403395_cov_45.560559_42': {'PF00781.19': [[8, 131]]}, 'NODE_23_length_147396_cov_49.445640_46': {'PF00684.14': [[144, 204]]}, 'NODE_21_length_152504_cov_45.257627_9': {'PF02617.12': [[23, 103]]}, 'NODE_56_length_57868_cov_46.242852_36': {'PF11127.3': [[115, 170]]}, 'NODE_1_length_448410_cov_43.210057_433': {'TIGR01083': [[4, 194]]}, 'NODE_67_length_41510_cov_50.047497_6': {'PF04361.8': [[1, 157]]}, 'NODE_15_length_185841_cov_48.828717_16': {'PF02594.11': [[8, 82]]}, 'NODE_1_length_448410_cov_43.210057_253': {'PF06173.7': [[4, 151]]}, 'NODE_13_length_202932_cov_50.659902_72': {'TIGR00201': [[23, 225]]}, 'NODE_13_length_202932_cov_50.659902_4': {'PF00164.20': [[3, 123]]}, 'NODE_1_length_448410_cov_43.210057_262': {'PF03701.9': [[1, 50]]}, 'NODE_29_length_121436_cov_43.135375_104': {'PF03550.9': [[49, 204]]}, 'NODE_71_length_38542_cov_46.252605_4': {'PF13507.1': [[1039, 1292]]}, 'NODE_25_length_142750_cov_45.278426_89': {'PF04288.8': [[10, 234]]}, 'NODE_68_length_41451_cov_49.358537_18': {'PF06526.7': [[1, 64]]}, 'NODE_3_length_401717_cov_46.827260_237': {'PF05992.7': [[80, 393]]}, 'NODE_15_length_185841_cov_48.828717_21': {'PF02622.10': [[35, 198]]}, 'NODE_2_length_403395_cov_45.560559_183': {'PF13532.1': [[19, 210]]}, 'NODE_30_length_113405_cov_50.408937_91': {'TIGR01074': [[2, 667]]}, 'NODE_36_length_101476_cov_44.351564_6': {'PF04356.7': [[7, 200]]}, 'NODE_25_length_142750_cov_45.278426_80': {'PF11940.3': [[458, 827]], 'PF01433.15': [[112, 384]]}, 'NODE_68_length_41451_cov_49.358537_5': {'TIGR01081': [[2, 449]]}, 'NODE_15_length_185841_cov_48.828717_123': {'TIGR03284': [[84, 264]]}, 'NODE_82_length_29880_cov_52.150210_8': {'PF10385.4': [[591, 656]], 'PF04560.15': [[1266, 1341]], 'PF04563.10': [[27, 509]], 'PF04561.9': [[340, 454]], 'PF04565.11': [[513, 582]], 'PF00562.23': [[716, 1264]]}, 'NODE_4_length_361575_cov_49.709197_265': {'TIGR03002': [[28, 166]]}, 'NODE_3_length_401717_cov_46.827260_16': {'PF06144.8': [[21, 190]]}, 'NODE_38_length_98517_cov_50.200240_69': {'TIGR00839': [[6, 474]]}, 'NODE_103_length_12767_cov_50.957284_14': {'TIGR02625': [[3, 103]]}, 'NODE_13_length_202932_cov_50.659902_53': {'TIGR02074': [[65, 758]]}, 'NODE_2_length_403395_cov_45.560559_296': {'PF01264.16': [[10, 346]]}, 'NODE_27_length_131964_cov_43.078228_74': {'PF04024.7': [[7, 68]]}, 'NODE_30_length_113405_cov_50.408937_9': {'TIGR01955': [[4, 159]]}, 'NODE_43_length_84018_cov_50.477818_43': {'TIGR00742': [[13, 328]]}, 'NODE_23_length_147396_cov_49.445640_63': {'PF02787.14': [[425, 547]]}, 'NODE_30_length_113405_cov_50.408937_69': {'PF02602.10': [[14, 242]]}, 'NODE_82_length_29880_cov_52.150210_10': {'TIGR02351': [[3, 368]]}, 'NODE_77_length_35275_cov_49.386968_2': {'TIGR02665': [[7, 188]]}, 'NODE_21_length_152504_cov_45.257627_107': {'TIGR02667': [[7, 169]]}, 'NODE_25_length_142750_cov_45.278426_86': {'PF05951.8': [[34, 182]]}, 'NODE_4_length_361575_cov_49.709197_257': {'PF05494.7': [[32, 199]]}, 'NODE_66_length_42772_cov_49.814219_33': {'TIGR02405': [[4, 314]]}, 'NODE_56_length_57868_cov_46.242852_15': {'PF01782.13': [[16, 97]], 'PF05239.11': [[104, 177]]}, 'NODE_77_length_35275_cov_49.386968_10': {'TIGR03598': [[10, 193]]}, 'NODE_57_length_57866_cov_48.843144_1': {'PF07256.7': [[1, 78]]}, 'NODE_39_length_95726_cov_51.172341_36': {'PF02092.12': [[6, 552]]}, 'NODE_25_length_142750_cov_45.278426_108': {'TIGR04060': [[127, 392]]}, 'NODE_2_length_403395_cov_45.560559_249': {'TIGR01973': [[4, 655]]}, 'NODE_2_length_403395_cov_45.560559_89': {'PF06930.7': [[7, 174]]}, 'NODE_2_length_403395_cov_45.560559_231': {'TIGR01927': [[7, 306]]}, 'NODE_67_length_41510_cov_50.047497_16': {'PF01196.14': [[20, 116]]}, 'NODE_4_length_361575_cov_49.709197_309': {'TIGR02823': [[2, 323]]}, 'NODE_3_length_401717_cov_46.827260_318': {'TIGR01027': [[5, 365]]}, 'NODE_23_length_147396_cov_49.445640_14': {'TIGR01696': [[3, 405]]}, 'NODE_33_length_107463_cov_48.629218_80': {'TIGR00759': [[5, 886]]}, 'NODE_3_length_401717_cov_46.827260_183': {'PF06481.9': [[239, 286]], 'PF00116.15': [[148, 221]]}, 'NODE_21_length_152504_cov_45.257627_132': {'PF02744.12': [[183, 345]], 'PF01087.17': [[3, 176]]}, 'NODE_54_length_60494_cov_51.148679_38': {'PF00119.15': [[39, 265]]}, 'NODE_78_length_35073_cov_42.660175_15': {'PF01503.12': [[116, 201]], 'PF01502.13': [[33, 106]]}, 'NODE_46_length_72983_cov_46.494227_34': {'PF10725.4': [[3, 64]]}, 'NODE_54_length_60494_cov_51.148679_41': {'PF13932.1': [[546, 617]]}, 'NODE_46_length_72983_cov_46.494227_8': {'PF09600.5': [[16, 96]]}, 'NODE_1_length_448410_cov_43.210057_436': {'TIGR01946': [[8, 349]]}, 'NODE_117_length_7436_cov_48.910852_8': {'TIGR00213': [[6, 181]]}, 'NODE_27_length_131964_cov_43.078228_90': {'PF05128.7': [[183, 341]]}, 'NODE_67_length_41510_cov_50.047497_8': {'PF01327.16': [[4, 152]]}, 'NODE_43_length_84018_cov_50.477818_8': {'PF02607.12': [[659, 734]], 'PF02965.12': [[937, 1209]]}, 'NODE_67_length_41510_cov_50.047497_41': {'PF00573.17': [[13, 198]]}, 'NODE_3_length_401717_cov_46.827260_100': {'TIGR01161': [[3, 329]]}, 'NODE_1_length_448410_cov_43.210057_212': {'PF05491.8': [[256, 330]], 'PF05496.7': [[8, 238]]}, 'NODE_82_length_29880_cov_52.150210_7': {'PF00542.14': [[54, 121]]}, 'NODE_36_length_101476_cov_44.351564_33': {'PF13036.1': [[10, 210]]}, 'NODE_23_length_147396_cov_49.445640_124': {'PF08478.5': [[56, 126]], 'PF03799.10': [[129, 247]]}, 'NODE_1_length_448410_cov_43.210057_387': {'TIGR01981': [[132, 409]]}, 'NODE_77_length_35275_cov_49.386968_9': {'PF00476.15': [[548, 927]]}, 'NODE_78_length_35073_cov_42.660175_2': {'PF08411.5': [[212, 473]]}, 'NODE_23_length_147396_cov_49.445640_126': {'PF00091.20': [[13, 180]], 'PF12327.3': [[221, 315]]}, 'NODE_2_length_403395_cov_45.560559_141': {'PF07208.6': [[26, 69]]}, 'NODE_39_length_95726_cov_51.172341_74': {'TIGR00766': [[52, 326]]}, 'NODE_15_length_185841_cov_48.828717_8': {'TIGR01084': [[5, 277]]}, 'NODE_46_length_72983_cov_46.494227_6': {'TIGR02796': [[5, 219]]}, 'NODE_3_length_401717_cov_46.827260_198': {'TIGR01379': [[4, 322]]}, 'NODE_13_length_202932_cov_50.659902_48': {'TIGR02515': [[12, 399]]}, 'NODE_3_length_401717_cov_46.827260_134': {'PF01963.12': [[30, 264]]}, 'NODE_67_length_41510_cov_50.047497_25': {'PF00333.15': [[10, 75]], 'PF03719.10': [[85, 158]]}, 'NODE_3_length_401717_cov_46.827260_48': {'TIGR03137': [[1, 187]]}, 'NODE_30_length_113405_cov_50.408937_79': {'TIGR02379': [[1, 376]]}, 'NODE_4_length_361575_cov_49.709197_137': {'PF02673.13': [[10, 267]]}, 'NODE_4_length_361575_cov_49.709197_177': {'PF07332.6': [[19, 129]]}, 'NODE_15_length_185841_cov_48.828717_74': {'TIGR02225': [[9, 298]]}, 'NODE_21_length_152504_cov_45.257627_10': {'TIGR02381': [[1, 68]]}, 'NODE_23_length_147396_cov_49.445640_107': {'TIGR00973': [[4, 497]]}, 'NODE_46_length_72983_cov_46.494227_64': {'PF13344.1': [[6, 105]]}, 'NODE_3_length_401717_cov_46.827260_135': {'TIGR00011': [[2, 156]]}, 'NODE_31_length_112489_cov_41.627426_28': {'PF02233.11': [[5, 462]]}, 'NODE_4_length_361575_cov_49.709197_148': {'TIGR00584': [[2, 114]]}, 'NODE_13_length_202932_cov_50.659902_132': {'PF03602.10': [[12, 188]]}, 'NODE_1_length_448410_cov_43.210057_384': {'TIGR01997': [[17, 122]]}, 'NODE_66_length_42772_cov_49.814219_36': {'PF13597.1': [[115, 705]]}, 'NODE_3_length_401717_cov_46.827260_22': {'TIGR02210': [[17, 364]]}, 'NODE_32_length_111324_cov_46.582660_24': {'PF04228.8': [[1, 283]]}, 'NODE_30_length_113405_cov_50.408937_58': {'TIGR01075': [[6, 718]]}, 'NODE_42_length_84482_cov_49.547041_61': {'TIGR00761': [[5, 234]]}, 'NODE_4_length_361575_cov_49.709197_236': {'PF08529.6': [[4, 124]], 'PF13184.1': [[230, 296]]}, 'NODE_13_length_202932_cov_50.659902_71': {'TIGR01738': [[10, 252]]}, 'NODE_13_length_202932_cov_50.659902_162': {'PF10625.4': [[1, 107]]}, 'NODE_2_length_403395_cov_45.560559_21': {'TIGR00235': [[5, 213]]}, 'NODE_36_length_101476_cov_44.351564_53': {'PF12111.3': [[1021, 1059]]}, 'NODE_38_length_98517_cov_50.200240_73': {'PF00118.19': [[23, 523]]}, 'NODE_15_length_185841_cov_48.828717_19': {'TIGR01420': [[2, 326]]}, 'NODE_4_length_361575_cov_49.709197_146': {'PF08275.6': [[126, 251]], 'PF10410.4': [[368, 425]], 'PF01807.15': [[7, 100]], 'PF08278.6': [[450, 575]]}, 'NODE_39_length_95726_cov_51.172341_34': {'PF13983.1': [[23, 99]]}, 'NODE_82_length_29880_cov_52.150210_22': {'PF07356.7': [[22, 207]]}, 'NODE_1_length_448410_cov_43.210057_343': {'PF03881.9': [[1, 285]]}, 'NODE_4_length_361575_cov_49.709197_248': {'PF01018.17': [[3, 158]]}, 'NODE_67_length_41510_cov_50.047497_30': {'PF00281.14': [[24, 80]], 'PF00673.16': [[84, 177]]}, 'NODE_25_length_142750_cov_45.278426_101': {'TIGR00717': [[3, 520]]}, 'NODE_25_length_142750_cov_45.278426_102': {'PF02224.13': [[63, 218]]}, 'NODE_23_length_147396_cov_49.445640_83': {'PF00398.15': [[10, 265]]}, 'NODE_2_length_403395_cov_45.560559_234': {'TIGR00173': [[10, 430]]}, 'NODE_2_length_403395_cov_45.560559_106': {'PF04235.7': [[215, 374]]}, 'NODE_1_length_448410_cov_43.210057_221': {'PF02781.11': [[188, 489]], 'PF00479.17': [[13, 186]]}, 'NODE_30_length_113405_cov_50.408937_17': {'PF02646.11': [[135, 437]]}, 'NODE_32_length_111324_cov_46.582660_19': {'TIGR01617': [[3, 115]]}, 'NODE_3_length_401717_cov_46.827260_209': {'PF01702.13': [[125, 362]]}, 'NODE_32_length_111324_cov_46.582660_27': {'PF06804.6': [[40, 343]]}, 'NODE_3_length_401717_cov_46.827260_215': {'PF11808.3': [[4, 92]], 'TIGR02966': [[95, 421]]}, 'NODE_23_length_147396_cov_49.445640_116': {'TIGR01085': [[22, 491]]}, 'NODE_30_length_113405_cov_50.408937_42': {'PF08267.7': [[5, 313]]}, 'NODE_36_length_101476_cov_44.351564_40': {'PF02223.12': [[8, 200]]}, 'NODE_33_length_107463_cov_48.629218_44': {'TIGR02071': [[68, 795]]}, 'NODE_43_length_84018_cov_50.477818_37': {'TIGR03703': [[11, 799]]}, 'NODE_4_length_361575_cov_49.709197_270': {'PF03668.10': [[1, 282]]}, 'NODE_1_length_448410_cov_43.210057_300': {'TIGR00519': [[3, 335]]}, 'NODE_13_length_202932_cov_50.659902_160': {'PF03486.9': [[5, 392]]}, 'NODE_37_length_98540_cov_48.278997_4': {'PF02631.11': [[51, 162]]}, 'NODE_25_length_142750_cov_45.278426_110': {'TIGR02493': [[6, 239]]}, 'NODE_3_length_401717_cov_46.827260_207': {'TIGR01129': [[112, 590]]}, 'NODE_13_length_202932_cov_50.659902_99': {'TIGR01515': [[109, 723]]}, 'NODE_2_length_403395_cov_45.560559_261': {'PF03887.9': [[1, 164]]}, 'NODE_130_length_4253_cov_49.984516_3': {'TIGR00554': [[2, 308]]}, 'NODE_1_length_448410_cov_43.210057_301': {'TIGR00705': [[16, 609]]}, 'NODE_33_length_107463_cov_48.629218_39': {'TIGR00713': [[3, 425]]}, 'NODE_32_length_111324_cov_46.582660_64': {'PF07179.7': [[8, 120]]}, 'NODE_15_length_185841_cov_48.828717_50': {'TIGR00948': [[15, 191]]}, 'NODE_39_length_95726_cov_51.172341_45': {'PF03352.8': [[6, 183]]}, 'NODE_37_length_98540_cov_48.278997_84': {'PF03952.11': [[3, 134]]}, 'NODE_30_length_113405_cov_50.408937_16': {'PF01209.13': [[15, 250]]}, 'NODE_21_length_152504_cov_45.257627_137': {'PF13985.1': [[3, 126]]}, 'NODE_1_length_448410_cov_43.210057_222': {'TIGR01196': [[2, 602]]}, 'NODE_25_length_142750_cov_45.278426_73': {'PF07126.7': [[21, 170]]}, 'NODE_3_length_401717_cov_46.827260_150': {'PF10689.4': [[2, 45]]}, 'NODE_29_length_121436_cov_43.135375_105': {'PF00745.15': [[320, 417]], 'PF05201.10': [[6, 157]]}}
9	{}
13	{}
6	{}
18	{}
0	{}
10	{}
19	{}
5	{}
